session_duration_mean,session_duration_std,resource_access_rank_mean,resource_access_rank_std,geo_distance_from_prev_km_mean,geo_distance_from_prev_km_std,implied_travel_speed_kmh_mean,implied_travel_speed_kmh_std,new_device_flag_mean,new_device_flag_std,session_duration_zscore_mean,session_duration_zscore_std,failed_auth_count_5min_mean,failed_auth_count_5min_std,resource_diversity_recent10_mean,resource_diversity_recent10_std,distinct_entities_per_source_5min_mean,distinct_entities_per_source_5min_std,time_since_last_access_min_mean,time_since_last_access_min_std,resource_seen_before_mean,resource_seen_before_std,active_hour_mean,active_hour_std,typical_auth_method,typical_geo_region,habitual_resources,n_events_used,entity_id,entity_type
0.9060553633217994,0.3097932953005097,0.4930254684698269,0.050270936431515124,0.0,1e-06,0.0,1e-06,0.0,1e-06,-0.041762821827964605,1.0975847557730114,0.02422145328719723,0.15400272620004912,1.9965397923875432,0.0588235294117647,1.0,1e-06,142.44622454509803,365.2631208633584,0.9930795847750865,0.0830444820887128,19.105715741642637,1.0306388615446287,token,eu-west,['/resource/1'],289,dev_00460,edge_device
0.8802061855670101,0.32070228724577804,0.4829125751102603,0.0989176995677265,200.85806294554197,1400.5936174681378,23.591603631746608,177.5650626661034,0.0,1e-06,0.044679948201112776,0.8928677095107963,0.0,1e-06,2.1752577319587627,0.408511252352942,1.0,1e-06,415.5093736383161,658.090081370005,0.979381443298969,0.14284180084530065,8.862607428879365,1.0123436049290062,token,eu-west,['/resource/46'],97,dev_00461,edge_device
0.7520833333333333,0.27339010801927477,0.4976194816943446,0.08803377734334224,0.0,1e-06,0.0,1e-06,0.0,1e-06,-0.12575575940577793,0.9937066635193577,0.004629629629629629,0.06804138174397717,1.9768518518518519,0.15072320633129876,1.0,1e-06,187.8278705395833,420.3119027142628,0.9907407407407407,0.09600100487559059,0.0020528639972903348,1.0079999917765465,certificate,ap-southeast,['/resource/4'],216,dev_00462,edge_device
0.9797222222222223,0.3269583938015028,0.4844487696137345,0.09138215655432405,36.12173851520137,375.3881181962782,4.73300023106049,49.186781234592026,0.0,1e-06,0.07783572452713709,1.0874898396243529,0.0,1e-06,2.064814814814815,0.31394827087884375,1.0,1e-06,377.97450094922834,564.4420328977164,0.9814814814814815,0.13544536999096835,22.006487451536692,1.0688485405869732,certificate,ap-south,['/resource/26'],108,dev_00463,edge_device
1.1294857142857144,0.3771829468168705,0.4949004061325911,0.08880662629672491,22.29227291223856,294.8990514208242,126.41249955620384,1672.2801821788914,0.0,1e-06,-0.004138063722652932,0.950971875622807,0.03428571428571429,0.18248422564933509,1.9942857142857142,0.07559289460184543,1.0,1e-06,238.91665584409526,473.2437144410148,0.9885714285714285,0.10659685728753751,22.01235444234395,0.977513608363944,certificate,ap-southeast,['/resource/53'],175,dev_00464,edge_device
1.0184666666666666,0.36818389165750126,0.4859342017313852,0.07142587861060874,26.007651730944986,318.52738074413446,1.443288595823286,17.67660305672538,0.0,1e-06,-0.17155248746958185,1.0388282975776795,0.02,0.1404690130390367,2.0533333333333332,0.2534769403399772,1.0,1e-06,276.8577451301111,507.2740671805365,0.9866666666666667,0.11508191810497584,8.913943997408486,0.9753053575002553,certificate,ap-south,['/resource/7'],150,dev_00465,edge_device
0.4639375,0.1580983567555496,0.975409091644081,0.08283779700580865,24.382173497760924,308.41281023327554,1.701349613226526,21.520559496169426,0.0,1e-06,-0.26655615980154507,0.47375958536830426,0.0125,0.11145126131093691,1.3375,1.3169791047181236,1.0,1e-06,246.95125435041663,477.86774933832424,0.99375,0.07905694150420947,19.091878910420267,0.9460220610179224,certificate,ap-south,['/resource/56'],160,dev_00466,edge_device
0.7665277777777777,0.25901803159070064,0.4967265202581864,0.0838203987417147,55.50496537108293,941.9504976820135,5.9544522700781535,101.05040588217345,0.0,1e-06,0.027709638386192954,1.1030932195892102,0.006944444444444444,0.08318802662586913,2.0243055555555554,0.1942542347137377,1.0,1e-06,143.52958132644673,372.69457389527923,0.9930555555555556,0.08318802662586915,2.0155461927418563,0.9467011702989976,certificate,sa-east,['/resource/2'],288,dev_00467,edge_device
0.6762962962962963,0.23504958876531556,0.9938271604588783,0.07856742012907571,0.0,1e-06,0.0,1e-06,0.0,1e-06,0.0068404746843172045,0.970933892289307,0.024691358024691357,0.15566396695472653,1.0,1e-06,1.0,1e-06,258.33176301882713,490.1264940700694,0.9938271604938271,0.07856742013183862,3.074214475047976,0.9801402772051276,certificate,us-west,['/resource/33'],162,dev_00468,edge_device
0.2022439024390244,0.06350728709453807,0.9926536927249039,0.06973781404974526,42.137846293695425,603.322143224974,2.614369443814687,37.432073889836026,0.0,1e-06,-0.08006573097565992,0.5381188101025743,0.04878048780487805,0.21593611893461734,1.0439024390243903,0.20537958698206588,1.0,1e-06,198.6077231817886,424.7801383349838,0.9951219512195122,0.06984302957695782,12.061101342284264,1.0741589643686005,token,us-west,['/resource/31'],205,dev_00470,edge_device
0.34187713310580203,0.12066975731921728,0.49581717884536974,0.07107955098331625,0.0,1e-06,0.0,1e-06,0.0,1e-06,-0.029704079769171922,1.0060990206109874,0.027303754266211604,0.163245864302544,1.9965870307167235,0.05842062378369859,1.0,1e-06,143.09157725637087,369.75043483257554,0.9931740614334471,0.08247764584790629,6.924550780417929,1.0269309700003229,certificate,ap-south,['/resource/35'],293,dev_00471,edge_device
1.2516774193548388,0.4445976608923945,0.49391207047529556,0.0514865030083337,0.0,1e-06,0.0,1e-06,0.0,1e-06,0.024689822003146577,1.0924319736064572,0.06451612903225806,0.24606730352078426,1.9967741935483871,0.05679618342470649,1.0,1e-06,135.34919194317203,359.82400727398334,0.9935483870967742,0.08019185680021695,2.9146485571022414,1.0388445302501286,token,ap-south,['/resource/21'],310,dev_00472,edge_device
0.503030303030303,0.17457446362376658,0.9409215945721466,0.10776851716724793,0.0,1e-06,0.0,1e-06,0.0,1e-06,-0.1397846225020113,0.8416302152864796,0.030303030303030304,0.1720728560145577,1.856060606060606,1.5340042684215411,1.0,1e-06,273.33202905606066,466.90197371897233,0.9924242424242424,0.08703882797784891,17.01490261008599,1.035976316225727,certificate,ap-southeast,['/resource/29'],132,dev_00474,edge_device
0.4920731707317073,0.17572240878816842,0.4575665492732904,0.09554072005068831,166.21396079529345,1505.131430336655,27.78542924647704,251.6077630553169,0.0,1e-06,-0.05928627391827711,0.891952346599917,0.0,1e-06,2.6951219512195124,1.0851298424924785,1.0,1e-06,445.5655440914634,659.9234053939049,0.975609756097561,0.15520673239323957,21.074017185473284,1.0645321728133788,biometric,us-west,['/resource/37'],82,dev_00475,edge_device
0.6626865671641791,0.22309229412487894,0.9891630746768492,0.08650838850961363,0.0,1e-06,0.0,1e-06,0.0,1e-06,0.03607584543093006,1.2741276618841488,0.014925373134328358,0.12170929415494246,1.2388059701492538,0.5775122233203294,1.0,1e-06,297.86312709490056,510.0720357098193,0.9925373134328358,0.08638684255813603,16.07121716156395,1.041858708857658,token,sa-east,['/resource/40'],134,dev_00476,edge_device
0.8909871244635192,0.34196108470730363,0.9925726853146828,0.0653897668117976,121.72907261493702,1316.9946421445443,421.66852580653784,6377.307992624274,0.0,1e-06,0.14104648471488848,1.0474891682851086,0.017167381974248927,0.13017445972986108,1.0772532188841202,0.2675676039298924,1.0,1e-06,177.85478642632333,416.348072413324,0.9957081545064378,0.06551217820804185,21.99894570844674,0.9575732244248016,biometric,us-east,['/resource/1'],233,dev_00477,edge_device
1.0226865671641794,0.36023806139472686,0.47579582230165385,0.13378569826725217,161.86527784343303,1324.9244006656488,7.880378282871436,64.50367622110515,0.0,1e-06,-0.2546587958652178,0.923462368702477,0.029850746268656716,0.17145979772029107,2.2388059701492535,0.49511407436113547,1.0,1e-06,574.0989170092039,740.5283478197022,0.9701492537313433,0.17145979772029107,11.809378103779196,0.9570815858469919,certificate,eu-west,['/resource/45'],67,dev_00478,edge_device
0.7310714285714285,0.2669453753862436,0.9955357142590143,0.06681531047631413,0.0,1e-06,0.0,1e-06,0.0,1e-06,-0.076907590282556,0.9676310408709362,0.03125,0.17438231798296555,1.0,1e-06,1.0,1e-06,184.6207833520089,422.08464863475984,0.9955357142857143,0.0668153104781061,5.123690003517461,0.9984960087836011,token,ap-south,['/resource/43'],224,dev_00479,edge_device
0.28901345291479813,0.09852934258247838,0.49543940336988485,0.07760728814231696,0.0,1e-06,0.0,1e-06,0.0,1e-06,-0.03576243877013821,0.983327927555682,0.017937219730941704,0.13302189620401883,1.9775784753363228,0.14838306247107708,1.0,1e-06,187.78160955732437,428.88108300320744,0.9910313901345291,0.0944892095529045,3.9239062400433493,0.9852104257870378,password,eu-west,['/resource/43'],223,dev_00480,edge_device
1.0124175824175823,0.3535513299275941,0.5074049745223005,0.12439055486048373,47.462958737404186,640.3103203008311,5.412357928208723,73.01670040774218,0.0,1e-06,0.01512613594535524,0.9144541505378767,0.027472527472527472,0.16390668013713353,2.010989010989011,0.2971133866379273,1.0,1e-06,225.2039308331502,459.1861632706948,0.9945054945054945,0.07412493166611012,4.0520252294224814,0.9937521234289539,certificate,us-west,['/resource/6'],182,dev_00481,edge_device
0.6797260273972603,0.2316085843938437,0.9965753424443418,0.05852057359680794,0.0,1e-06,0.0,1e-06,0.0,1e-06,-0.04326875761057688,1.0542303560397097,0.003424657534246575,0.05852057359806529,1.0,1e-06,1.0,1e-06,143.75345651432647,377.4039537850553,0.9965753424657534,0.05852057359806529,15.991272730504459,0.9262109246858387,certificate,sa-east,['/resource/30'],292,dev_00482,edge_device
0.8242352941176471,0.27770477845653113,0.49619008069343246,0.14190712596991895,0.0,1e-06,0.0,1e-06,0.0,1e-06,-0.08318879384896727,1.17108249756587,0.023529411764705882,0.15247721049352903,1.964705882352941,0.18561729852738681,1.0,1e-06,475.28147789784305,625.7272420146671,0.9764705882352941,0.15247721049352903,17.99165362783301,0.9187264788109021,certificate,eu-west,['/resource/39'],85,dev_00483,edge_device
1.1093478260869565,0.36112097862629555,0.4857537036331451,0.10439416456908598,78.1445250751337,749.5359534592548,4.343260810361403,41.65909421659992,0.0,1e-06,0.2994393355917557,1.0596238883087237,0.010869565217391304,0.10425720702853736,2.0869565217391304,0.3197586285097715,1.0,1e-06,453.5657491329711,607.8275867016364,0.9782608695652174,0.14662959759729013,15.09060943484489,1.0277070171149594,token,eu-west,['/resource/37'],92,dev_00484,edge_device
0.8504593639575972,0.2754882209236524,0.4987225380255627,0.08280451511240594,0.0,1e-06,0.0,1e-06,0.0,1e-06,0.09291821163126285,1.0166834737227473,0.02120141342756184,0.1443104356655012,1.9929328621908127,0.08391708429643081,1.0,1e-06,147.78026298886928,379.07249149301117,0.9929328621908127,0.08391708429643081,2.102312027412,1.0171197742033389,certificate,sa-east,['/resource/30'],283,dev_00485,edge_device
0.8135371179039301,0.29692307272460067,0.49435564675733734,0.07706470080008927,0.0,1e-06,0.0,1e-06,0.0,1e-06,0.08947820498075125,1.1066972686573564,0.021834061135371178,0.1464616244319373,1.9956331877729259,0.06608186004550895,1.0,1e-06,183.16123969315862,443.07488086540263,0.9912663755458515,0.09324869480982313,9.972021314553066,0.9620465867424145,password,ap-south,['/resource/40'],229,dev_00486,edge_device
0.518986013986014,0.17906586011812922,0.5021925520131963,0.10309424994837743,0.0,1e-06,0.0,1e-06,0.0,1e-06,0.052173145498906115,0.982236814850164,0.017482517482517484,0.13129032262926382,1.9895104895104896,0.10205831612163752,1.0,1e-06,143.48108376299533,369.9762969198078,0.993006993006993,0.08347736295765973,8.971526323150014,1.0421152753642262,password,ap-southeast,['/resource/27'],286,dev_00487,edge_device
0.922032967032967,0.31215653215114486,0.4890310407875841,0.06061055296990769,52.15125326742613,703.5588714244935,3.9338163851837473,53.07008447445607,0.0,1e-06,0.012976032880937578,1.0797196761406795,0.01098901098901099,0.10453850114247812,2.043956043956044,0.23088051068006485,1.0,1e-06,228.03390070943226,451.6550843922315,0.989010989010989,0.1045385011424781,15.046829863800252,1.0706522690189066,certificate,sa-east,['/resource/4'],182,dev_00488,edge_device
0.20627272727272733,0.07523491151004923,0.49891335340829424,0.11382829769663037,0.0,1e-06,0.0,1e-06,0.0,1e-06,-0.01084639123781173,1.322774552491399,0.00909090909090909,0.09534625892455922,1.9636363636363636,0.1880499995620298,1.0,1e-06,380.5765870622726,660.8583709816456,0.9818181818181818,0.1342200153122676,15.915539142419098,1.0309865175806496,certificate,sa-east,['/resource/6'],110,dev_00489,edge_device
0.9473770491803281,0.3228537515133811,0.49438206151122155,0.0588840827508318,28.322158984287086,494.625242286548,140.00041314141876,2445.0021027249077,0.0,1e-06,-0.13414069784031651,1.0718895949141065,0.036065573770491806,0.18675975533356204,2.0262295081967214,0.17945608550952535,1.0,1e-06,133.51017216491803,357.6844402822743,0.9934426229508196,0.08084433641226581,2.9669224975895183,1.0240237562443357,biometric,us-west,['/resource/1'],305,dev_00490,edge_device
0.4168770764119602,0.14248116193409854,0.991825184769358,0.05797935726558474,0.0,1e-06,0.0,1e-06,0.0,1e-06,0.045554068008013975,1.056634503193101,0.029900332225913623,0.17059598480979143,1.2491694352159468,0.4483759299174596,1.0,1e-06,133.05076005996676,353.48009931560637,0.9966777408637874,0.05763904177042349,22.032426038200956,0.962120423061741,token,sa-east,['/resource/17'],301,dev_00491,edge_device
1.2712499999999998,0.4512116661619116,0.996212121188821,0.06154574548822688,0.0,1e-06,0.0,1e-06,0.0,1e-06,-0.0010408749398331135,1.1081414943874712,0.030303030303030304,0.1717454097501591,1.0,1e-06,1.0,1e-06,158.78959051862373,391.2613588800736,0.9962121212121212,0.06154574548966636,3.994428032550223,0.9490705730315179,certificate,us-east,['/resource/39'],264,dev_00492,edge_device
0.41661290322580646,0.14126540262390724,0.43677593433031947,0.17701206798519759,0.0,1e-06,0.0,1e-06,0.0,1e-06,0.06219623766239701,0.9553853507568606,0.008064516129032258,0.08980265101338748,2.4838709677419355,1.3220080253113724,1.0,1e-06,338.12923801061834,549.2411346310422,0.9274193548387096,0.2604994295446275,5.150014840457986,1.121928290101192,certificate,ap-south,"['/resource/47', '/resource/41']",124,dev_00493,edge_device
0.6565957446808511,0.21641678485768995,0.9957446808253844,0.06523280730366192,0.0,1e-06,0.0,1e-06,0.0,1e-06,0.19874821943026644,1.0127988724133619,0.02553191489361702,0.18312118857079995,1.0,1e-06,1.0,1e-06,178.6687919834752,412.9218623868662,0.9957446808510638,0.0652328073053442,14.020839118449999,1.0286226013659623,certificate,us-east,['/resource/11'],235,dev_00494,edge_device
0.8518713450292399,0.2797982589357453,0.5076445950004663,0.12474707321658766,0.0,1e-06,0.0,1e-06,0.0,1e-06,-0.10000421955407846,0.8772578145594262,0.017543859649122806,0.13167179386759184,1.9941520467836258,0.07647191129018724,1.0,1e-06,244.670172407115,484.34940954160584,0.9883040935672515,0.1078290637219119,4.015121975031912,0.971885315852407,certificate,us-west,['/resource/31'],171,dev_00495,edge_device
0.23025316455696204,0.08136613488745706,0.49144968555820995,0.13850146032365326,140.38536793106388,915.3113464990925,195.20525060771135,1696.1978510106128,0.0,1e-06,0.19092526592983963,1.1593605615424578,0.0,1e-06,2.1265822784810124,0.4040528211088545,1.0,1e-06,502.8577274630801,739.7416777547464,0.9746835443037974,0.1580882214188629,1.1861325599357078,0.988732078710984,certificate,ap-south,['/resource/44'],79,dev_00496,edge_device
0.4649226006191951,0.15620571983761017,0.5014346419630181,0.08873333101465627,0.0,1e-06,0.0,1e-06,0.0,1e-06,-0.029767889086138113,1.035348751738548,0.01238390092879257,0.11076336474587915,1.9907120743034055,0.09607412095414913,1.0,1e-06,130.00893423250773,352.4147879430766,0.9938080495356038,0.07856666471582566,2.936182240786665,1.0337116379240403,certificate,ap-south,['/resource/52'],323,dev_00497,edge_device
1.0153164556962027,0.39621230854642453,0.9873417720894841,0.11250879008549018,0.0,1e-06,0.0,1e-06,0.0,1e-06,0.09952997806674117,1.2130498090210209,0.0,1e-06,1.0,1e-06,1.0,1e-06,494.63464776624477,696.4803973781115,0.9873417721518988,0.11250879009260241,10.130515784433575,0.9978065010062462,biometric,sa-east,['/resource/34'],79,dev_00498,edge_device
0.1250268817204301,0.027914952237899193,0.9932526457268465,0.051737942242913934,65.7917161309787,901.8814165424333,11.333408521474789,158.5660692476088,0.0,1e-06,0.044101438734612426,1.1243868768721546,0.021505376344086023,0.14525706360199175,1.0483870967741935,0.21487181823058063,1.0,1e-06,107.7399328015233,319.85049963602273,0.9973118279569892,0.051847584736521256,2.07436896814417,0.9787797188955706,password,ap-southeast,['/resource/54'],372,dev_00499,edge_device
0.45456410256410257,0.16160659162704044,0.9948717948418069,0.07161148740178475,0.0,1e-06,0.0,1e-06,0.0,1e-06,0.025939387604825927,1.1711054798634744,0.020512820512820513,0.14211126608467492,1.0,1e-06,1.0,1e-06,214.96493965589744,450.4155163836337,0.9948717948717949,0.0716114874039433,8.886319294600739,1.0100972463193916,password,sa-east,['/resource/47'],195,dev_00500,edge_device
0.27933884297520667,0.09607926881131436,0.9907325611604437,0.09085983566776577,128.3274904873385,1411.6023953607237,8.199909899033164,90.1990088893648,0.0,1e-06,-0.058532368217242225,0.6939520362724639,0.024793388429752067,0.15614149124834242,1.0743801652892562,0.26347957720344434,1.0,1e-06,340.00646193719007,546.5024151235339,0.9917355371900827,0.0909090909090909,20.031415356048402,1.0440071071896821,biometric,us-east,['/resource/39'],121,dev_00501,edge_device
1.0552813852813854,0.38336131617436603,0.9934471508257298,0.06570624469937943,46.94793772948057,713.5468772118786,6.392774300275308,97.1617574549481,0.0,1e-06,-0.018848184686721472,1.0146375283690436,0.021645021645021644,0.14583753455807524,1.0389610389610389,0.19392233597108163,1.0,1e-06,177.30907768759022,417.86520884609723,0.9956709956709957,0.06579516949597693,3.0872913418471724,0.8953836912087496,token,ap-southeast,['/resource/58'],231,dev_00502,edge_device
1.0434065934065935,0.3784540680311149,0.512122415485385,0.12513049849932822,26.075626633713064,497.4912489482135,1.5248046902459353,29.091419370600423,0.0,1e-06,-0.08919177322261179,1.085208593997079,0.024725274725274724,0.15550037006211911,2.021978021978022,0.16451092743542428,1.0,1e-06,114.25693697765566,333.976740631529,0.9945054945054945,0.0740227607951281,13.040100020435021,0.9603893724647393,certificate,sa-east,['/resource/18'],364,dev_00503,edge_device
0.630774647887324,0.2099506048037794,0.44283963585616165,0.06873771340932712,0.0,1e-06,0.0,1e-06,0.0,1e-06,-0.2744639078830428,0.5378430012914422,0.03169014084507042,0.17548306606305852,2.2535211267605635,0.9165661814201458,1.0,1e-06,135.60115521320424,358.1591965152838,0.9929577464788732,0.08376973936372395,11.973228036798298,0.9287520107281878,biometric,eu-west,['/resource/50'],284,dev_00504,edge_device
0.951651090342679,0.33074926739392774,0.994759132792952,0.05574009447161477,22.396561703776634,401.26739008358845,3.208116133633208,57.47812566296622,0.0,1e-06,0.028299022938212594,0.9823703800145009,0.03115264797507788,0.1740013785887308,1.02803738317757,0.16533737810347315,1.0,1e-06,128.02435489278295,353.37840469117134,0.9968847352024922,0.05581455721859476,5.920987164923091,0.9606898302063532,token,eu-west,['/resource/32'],321,dev_00505,edge_device
0.440483870967742,0.14896052700362555,0.9922770900257561,0.06334899413469983,15.743363094671379,247.92672994173878,49.63802851686119,781.7004547843758,0.0,1e-06,0.03125392699558495,0.9937663138737016,0.024193548387096774,0.1539603859570316,1.0362903225806452,0.1873897743136066,1.0,1e-06,163.96972407291668,400.4744937126622,0.9959677419354839,0.06350006350009524,22.919425326712012,0.9665039051919188,certificate,us-east,['/resource/37'],248,dev_00507,edge_device
0.54440625,0.190615955769825,0.4957045630129078,0.06586498205310613,0.0,1e-06,0.0,1e-06,0.0,1e-06,0.08794120174982847,1.0053051579040722,0.028125,0.16558886087655467,2.11875,0.3428055921089842,1.0,1e-06,127.66641081458333,349.2170764370225,0.99375,0.0789329305392304,22.023038678355057,0.9654377651893452,certificate,us-west,['/resource/10'],320,dev_00508,edge_device
1.1510833333333332,0.4007698386673256,0.5009165630829097,0.15805734015813702,227.1590797535677,1752.1579309947128,50.94956009260728,499.19359733913757,0.0,1e-06,0.07805363421229344,1.1165044284701997,0.03333333333333333,0.18025814045107516,2.183333333333333,0.4847824312021228,1.0,1e-06,329.77807127569446,571.6666893572127,0.9833333333333333,0.12855586584927858,22.91868065198029,0.953845796777052,certificate,ap-southeast,['/resource/26'],120,dev_00509,edge_device
1.3739108910891091,0.5140416886710059,0.45239476695659814,0.09536659364412006,0.0,1e-06,0.0,1e-06,0.0,1e-06,-0.05330255072278581,0.906836723207116,0.01485148514851485,0.12125885195270421,2.396039603960396,1.0374021123471506,1.0,1e-06,189.25873491435647,412.3651744899469,0.9900990099009901,0.09925588870087705,16.98277296475218,1.0004995785711268,certificate,us-west,['/resource/37'],202,dev_00510,edge_device
1.2648387096774194,0.4867170324828284,0.9863779743028281,0.08948625660719879,0.0,1e-06,0.0,1e-06,0.0,1e-06,0.10652966785452635,0.9934658368445807,0.0,1e-06,1.0725806451612903,0.26049942954462757,1.0,1e-06,336.31770700981184,548.7924015158092,0.9919354838709677,0.08980265101338748,17.128180728163322,0.9793588282170866,certificate,ap-south,['/resource/24'],124,dev_00511,edge_device
0.36363380281690144,0.1271572316701107,0.9971830985734185,0.053074489242462525,0.0,1e-06,0.0,1e-06,0.0,1e-06,0.0002962370122587195,0.7925879622863274,0.030985915492957747,0.17352408232201968,1.0,1e-06,1.0,1e-06,115.2065073257277,331.4274708248278,0.9971830985915493,0.05307448924342752,21.022787805480206,1.0084594460054268,certificate,eu-west,['/resource/25'],355,dev_00512,edge_device
0.706426592797784,0.2677057376253363,0.9972299168795992,0.0526315789464233,0.0,1e-06,0.0,1e-06,0.0,1e-06,0.01745658070011347,1.0335354549231828,0.04155124653739612,0.19983834648937746,1.0,1e-06,1.0,1e-06,116.02010064644507,331.9992378657428,0.997229916897507,0.05263157894736843,20.05484331430167,1.0215474414714891,token,sa-east,['/resource/57'],361,dev_00513,edge_device
0.19480519480519476,0.06064587436851808,0.9870129869498052,0.11396057645234296,0.0,1e-06,0.0,1e-06,0.0,1e-06,0.04568339726998419,0.768946318704364,0.012987012987012988,0.11396057645963796,1.0,1e-06,1.0,1e-06,524.8744608729437,670.2059494027138,0.987012987012987,0.11396057645963796,11.874506821214231,0.9997269258711499,certificate,us-west,['/resource/32'],77,dev_00514,edge_device
0.3147953216374269,0.11044213559729883,0.5030078136237754,0.08742372837322435,0.0,1e-06,0.0,1e-06,0.0,1e-06,0.16450531817308495,1.1152850214198506,0.02631578947368421,0.16030723704341968,1.9853801169590644,0.1202014509551215,1.0,1e-06,122.51740932192983,344.8759370800685,0.9941520467836257,0.07635970006130424,17.057963817799987,0.9732039939502646,certificate,ap-south,['/resource/56'],342,dev_00516,edge_device
0.16087719298245617,0.046933607852297325,0.9867216194596816,0.09340011737188224,51.67162264538356,551.7019583941934,51.14323406382695,546.0603121614337,0.0,1e-06,-0.016643053876998878,0.974671708929819,0.02631578947368421,0.1607794243313157,1.0789473684210527,0.2708471417544467,1.0,1e-06,367.8709390510234,568.8597834310829,0.9912280701754386,0.09365858115816944,19.02807470588581,1.0469234975130928,certificate,us-east,['/resource/31'],114,dev_00517,edge_device
1.246798245614035,0.41950864230200496,0.8726976928094703,0.32559210919070997,68.10362433757878,1028.3421763811907,4.130149679081304,62.36389253990096,0.0,1e-06,-0.0771041090475399,1.0497453143384787,0.039473684210526314,0.1951474856477755,1.5789473684210527,1.2897067032769993,1.0,1e-06,181.41968260423974,414.3383199418138,0.9517543859649122,0.2147562725244785,9.019232816790453,1.1240440568778745,password,us-east,['/resource/58'],228,dev_00518,edge_device
1.1791017964071857,0.41466122986399245,0.9950740230253203,0.05465121040551415,40.80702031501216,745.7755097444526,12.837549507136504,234.61477837999112,0.0,1e-06,-0.07597945997494583,1.058950935756637,0.041916167664670656,0.20069828289958705,1.026946107784431,0.16216890529217995,1.0,1e-06,121.386357224501,336.57306340732447,0.9970059880239521,0.05471756551645827,19.046559204695583,1.0479325582810843,token,us-west,['/resource/32'],334,dev_00519,edge_device
0.9172727272727272,0.2485025862109595,0.4733606959726544,0.11690077638531692,130.71447830749636,969.4045162655533,6.3625919337700765,47.18624467323271,0.0,1e-06,-0.10195371275876523,1.1946470785696617,0.0,1e-06,2.0,0.19245008972987526,1.0,1e-06,715.2836534863634,993.0578440099621,0.9636363636363636,0.18891859540615824,20.964280665711524,1.061203890504741,token,ap-south,['/resource/8'],55,dev_00520,edge_device
0.2965646258503401,0.1044182694270144,0.9946268822985282,0.05825008723960239,20.035935311475257,343.5447262276814,1.746088302308297,29.939177705485065,0.0,1e-06,-0.030756052659644303,0.8656256754416349,0.023809523809523808,0.1527152800771938,1.030612244897959,0.17255844136329068,1.0,1e-06,140.33809898820863,363.61589469015985,0.9965986394557823,0.05832118435198043,8.01342878462781,0.994927335901301,certificate,us-east,['/resource/8'],294,dev_00521,edge_device
0.15913907284768214,0.051015558376518735,0.9903904638196797,0.08123292208011118,71.82101732125837,882.5514363979784,3.440231440192015,42.27427168710218,0.0,1e-06,0.026172709913947656,1.0061041219941331,0.013245033112582781,0.11470280245849372,1.0596026490066226,0.23753703092276499,1.0,1e-06,276.72384662704195,501.56668249553735,0.9933774834437086,0.08137884587711595,17.956347616267713,1.0731903803698264,password,ap-southeast,['/resource/60'],151,dev_00522,edge_device
0.3538390092879257,0.1147186624618151,0.49600095293647783,0.06200183446364702,41.916603379542934,753.3336109304863,2.073011345691497,37.25657607342779,0.0,1e-06,-0.053858570931966845,0.938640606518546,0.009287925696594427,0.09607412095414912,2.018575851393189,0.19214824190829827,1.0,1e-06,126.6459797751806,345.5338920711155,0.9938080495356038,0.07856666471582566,23.948326103262087,1.0393566492605781,password,ap-south,['/resource/1'],323,dev_00523,edge_device
0.30271084337349397,0.09710865750502663,0.5041280516060568,0.09641324383167672,32.66558317924703,595.1952517570865,25.904488559779836,472.00224485115507,0.0,1e-06,-0.01162241617392852,1.024101505324421,0.024096385542168676,0.153579928073749,2.0150602409638556,0.19760422157492433,1.0,1e-06,122.95324089332328,346.57445226365235,0.9939759036144579,0.07749772060245892,5.9333689533360685,0.9729342870133711,token,eu-west,['/resource/45'],332,dev_00524,edge_device
1.082917933130699,0.4113422362433333,0.9969604863028214,0.05513178464092613,0.0,1e-06,0.0,1e-06,0.0,1e-06,-0.009174975401200032,1.035763666071809,0.015197568389057751,0.1225244146657767,1.0,1e-06,1.0,1e-06,127.64653135273556,355.86622722907856,0.9969604863221885,0.05513178464199713,5.007952294049982,0.9833978160257679,certificate,ap-south,['/resource/39'],329,dev_00525,edge_device
0.3534761904761905,0.11974379309767204,0.49034520636589657,0.05769417956298954,121.31884819782589,1280.1993032281987,32.46791768555923,360.39052615374436,0.0,1e-06,-0.0718920793927602,0.7308883306676799,0.02857142857142857,0.16699671126136617,2.080952380952381,0.29038672056817993,1.0,1e-06,183.72943424214287,420.00668843834603,0.9904761904761905,0.09735625843872818,6.990021662329115,0.9864664293904605,biometric,sa-east,['/resource/36'],210,dev_00526,edge_device
1.0464217252396166,0.3734214310501298,0.9941869657912072,0.056440694789463036,0.0,1e-06,0.0,1e-06,0.0,1e-06,0.03025665531638102,1.1029740149171994,0.03514376996805112,0.1844379762534271,1.0575079872204474,0.23318348826368548,1.0,1e-06,129.91167520899893,357.7734710874467,0.9968051118210862,0.056523341894422145,19.975340596264182,0.932315551402929,token,ap-southeast,['/resource/30'],313,dev_00527,edge_device
1.0159574468085106,0.37831914600306144,0.49440482039168493,0.054221268698025474,39.012910548061896,707.630104873178,6.927924251170772,125.66116435660176,0.0,1e-06,-0.02988465756346706,1.0882463656797272,0.0182370820668693,0.13401148371340968,2.021276595744681,0.18188598537595083,1.0,1e-06,124.77760252441745,344.9650914123357,0.993920972644377,0.07784917299263008,5.086869271458863,0.9781509588230402,password,us-east,['/resource/32'],329,dev_00528,edge_device
0.1631168831168831,0.05102247973773478,0.49287456141903074,0.10224581121901012,70.42190659422086,873.912878362732,207.39311634014268,2573.6808902061844,0.0,1e-06,-0.13102839576246805,0.5284468717788479,0.012987012987012988,0.11358754574859593,2.0454545454545454,0.26422680619105016,1.0,1e-06,269.8279025142857,496.9681151808431,0.987012987012987,0.11358754574859593,14.01541847988633,1.0217582784419659,certificate,eu-west,['/resource/40'],154,dev_00529,edge_device
1.3837704918032787,0.47111557113222674,0.5040045032116612,0.10164677181937876,0.0,1e-06,0.0,1e-06,0.0,1e-06,0.03222990438503601,1.1330335447057005,0.022950819672131147,0.1499928097212527,1.9836065573770492,0.12719174277657957,1.0,1e-06,137.4552129913661,367.60695800713006,0.9934426229508196,0.08084433641226581,1.8760789026161493,0.9875049268546101,certificate,us-west,['/resource/33'],305,dev_00530,edge_device
1.3831578947368421,0.41424698418911204,0.9812020073637185,0.13236426930520045,0.0,1e-06,0.0,1e-06,0.0,1e-06,0.013071114063458573,1.2578972039621144,0.05263157894736842,0.2252817784447915,1.0701754385964912,0.2577130964857056,1.0,1e-06,714.8003731002924,854.6590522291518,0.9824561403508771,0.13245323570650439,21.054766386240836,0.9893000459858419,token,ap-southeast,['/resource/48'],57,dev_00531,edge_device
1.3206751054852321,0.4845550640515236,0.9935792957948336,0.06486951237677087,45.7593823439241,704.4567369128438,70.55875005264073,1086.2381500071117,0.0,1e-06,0.01973714591509239,1.0387611805404087,0.04219409282700422,0.2014571817202165,1.0379746835443038,0.1915395680689041,1.0,1e-06,170.90256904381155,405.70860159759525,0.9957805907172996,0.06495698024616309,13.017098593167132,0.9750591679109512,certificate,eu-west,['/resource/48'],237,dev_00532,edge_device
0.3129931972789116,0.10574209362578804,0.48915767293437223,0.0831911973898078,26.56023161550001,322.0256943319025,2.813528522694006,34.11222044895157,0.0,1e-06,0.02663681538334858,0.9683407176553094,0.04081632653061224,0.1985409457237447,2.054421768707483,0.2559514328173097,1.0,1e-06,280.00345851326534,528.5599586965116,0.9863945578231292,0.11624222217746524,13.083513001154671,0.95924557248632,biometric,us-east,['/resource/4'],147,dev_00533,edge_device
0.37428571428571433,0.12383809194215249,0.9072718712558826,0.2820158276566203,189.85183494961674,1273.486208261994,24.185143587698718,192.47123755089694,0.0,1e-06,0.15355988141254756,0.9475324360803089,0.01098901098901099,0.10482848367219182,1.3406593406593406,0.9215901742794621,1.0,1e-06,447.3311703186813,604.8529309129635,0.9340659340659341,0.2495417044725436,23.186006590377467,1.012791498837863,certificate,us-west,['/resource/30'],91,dev_00534,edge_device
0.923916349809886,0.32832832524645866,0.49847582746732244,0.09536777419259741,66.31258802750615,867.9375226420458,5.161493186717377,70.91578856723481,0.0,1e-06,-0.061349960315623446,0.8944056556031049,0.011406844106463879,0.1063944028631817,2.0570342205323193,0.27728568983327934,1.0,1e-06,155.89383892179976,386.7650532276333,0.9923954372623575,0.08703756481557623,8.999457140597423,0.9722871451459482,certificate,ap-south,['/resource/15'],263,dev_00536,edge_device
0.7408383233532934,0.3035362132256061,0.9940119760138193,0.07738232325076022,0.0,1e-06,0.0,1e-06,0.0,1e-06,0.02124565596811358,0.9926095998494214,0.023952095808383235,0.1533597946237113,1.0,1e-06,1.0,1e-06,250.70146670219566,484.2390679376649,0.9940119760479041,0.0773823232534137,16.014600041418,0.9455828268662491,biometric,us-west,['/resource/27'],167,dev_00537,edge_device
1.094693140794224,0.38700400194990825,0.9963898916743702,0.06008417681126138,0.0,1e-06,0.0,1e-06,0.0,1e-06,0.11665813810738623,1.1241741353677082,0.02888086642599278,0.16777479156090333,1.0,1e-06,1.0,1e-06,151.06625480601684,381.71450126443625,0.9963898916967509,0.06008417681261097,13.021527908781867,0.9990060279469593,token,ap-south,['/resource/47'],277,dev_00538,edge_device
0.6580555555555555,0.23125464358302122,0.9930555555170587,0.08333333333010282,0.0,1e-06,0.0,1e-06,0.0,1e-06,-0.021377755160108907,1.078266394420834,0.013888888888888888,0.11743834038236318,1.0,1e-06,1.0,1e-06,290.6545295086805,517.673653656315,0.9930555555555556,0.08333333333333334,16.12494694150818,0.969811067947611,certificate,us-east,['/resource/28'],144,dev_00540,edge_device
1.116524064171123,0.3902690045637479,0.9946524063860661,0.07312724241043053,0.0,1e-06,0.0,1e-06,0.0,1e-06,-0.004793727288961431,1.0916639971232054,0.0053475935828877,0.07312724241271307,1.0,1e-06,1.0,1e-06,216.16800703966132,456.2921937122855,0.9946524064171123,0.07312724241271307,23.959081922200763,0.970350986168959,certificate,ap-south,['/resource/36'],187,dev_00541,edge_device
0.13060606060606061,0.03227264075844029,0.996632996611888,0.05802588531733696,0.0,1e-06,0.0,1e-06,0.0,1e-06,-0.030766594050212783,1.0020896514240147,0.02356902356902357,0.15195812940173056,1.0,1e-06,1.0,1e-06,141.17710219831648,369.76908085230673,0.9966329966329966,0.058025885318565944,1.9936102599002905,0.9723357453059436,certificate,us-west,['/resource/42'],297,dev_00542,edge_device
1.1749681528662421,0.4290532574135841,0.993630573212546,0.07980868844388181,0.0,1e-06,0.0,1e-06,0.0,1e-06,-0.002159914804007253,0.9823684444675024,0.006369426751592357,0.07980868844676221,1.0,1e-06,1.0,1e-06,266.77643106666665,495.61399228713816,0.9936305732484076,0.07980868844676223,13.95285847841576,1.0455618479489173,certificate,sa-east,['/resource/30'],157,dev_00543,edge_device
1.3053877551020407,0.4346125472681278,0.49656964041639684,0.07973664518140733,0.0,1e-06,0.0,1e-06,0.0,1e-06,-0.06080238840409671,1.0719287661106456,0.012244897959183673,0.11020222295001492,1.9918367346938775,0.09016545514092127,1.0,1e-06,170.6375389232653,411.47296150421687,0.9918367346938776,0.09016545514092127,23.963766827586095,0.972643547026353,password,us-west,['/resource/46'],245,dev_00544,edge_device
1.441566265060241,0.5420749704065805,0.49878758835926185,0.07913430004098661,0.0,1e-06,0.0,1e-06,0.0,1e-06,0.1377047274609601,1.010968792894897,0.02108433734939759,0.14388239615437506,1.9969879518072289,0.05488212999484517,1.0,1e-06,126.02461916857429,347.2161212101195,0.9939759036144579,0.07749772060245892,22.000479853436957,1.035745609566958,certificate,ap-southeast,['/resource/18'],332,dev_00545,edge_device
0.8212809917355371,0.29057035694351563,0.5024694925983592,0.10160697276664901,0.0,1e-06,0.0,1e-06,0.0,1e-06,0.010856472405605637,1.0437469885589776,0.05371900826446281,0.22592964142338906,1.9917355371900827,0.0907202867781662,1.0,1e-06,173.09139812024793,408.12388979808856,0.9917355371900827,0.0907202867781662,1.0982018830487583,0.9818093220649123,biometric,sa-east,['/resource/48'],242,dev_00546,edge_device
0.6171653543307086,0.19970175237403984,0.49324865118839917,0.11220174489950527,131.80788675425876,1187.8390049271677,5.100205432729304,44.498181665124335,0.0,1e-06,-0.033410583086364166,0.9961723147753073,0.015748031496062992,0.12499218823234565,2.1181102362204722,0.3906480823701398,1.0,1e-06,320.44713952217853,543.5389750602386,0.984251968503937,0.12499218823234565,1.1071674546624026,0.984263440517344,token,us-east,['/resource/40'],127,dev_00547,edge_device
0.43797101449275366,0.17176060383521602,0.9855072463071877,0.12038585307726421,0.0,1e-06,0.0,1e-06,0.0,1e-06,0.028876752432161812,0.9638093839625834,0.014492753623188406,0.12038585308576918,1.0,1e-06,1.0,1e-06,604.9864100548309,667.4895407474999,0.9855072463768116,0.12038585308576917,10.026101918726868,1.068915282111617,token,sa-east,['/resource/9'],69,dev_00548,edge_device
1.399739413680782,0.46313925669127204,0.9967426709892429,0.057073014552359476,0.0,1e-06,0.0,1e-06,0.0,1e-06,-0.02587645136874752,1.0348789803656762,0.03908794788273615,0.19412064695241985,1.0,1e-06,1.0,1e-06,136.6584329218784,365.98565133525017,0.996742671009772,0.057073014553534945,10.982997803797087,0.9355134245734023,certificate,sa-east,['/resource/21'],307,dev_00549,edge_device
0.7694666666666666,0.2949388087398824,0.46568303096511016,0.18252518830399828,240.45693229896415,1493.0603836737027,469.36618002503167,4012.046947809579,0.0,1e-06,0.08457768463026681,1.0867746325458854,0.02666666666666667,0.16219218941214866,2.56,1.129936616256309,1.0,1e-06,534.7672713322222,778.3972649053791,0.92,0.27312011019804927,14.901342017609043,1.0364588878358498,certificate,eu-west,['/resource/23'],75,dev_00550,edge_device
1.2544923076923078,0.4396296183488263,0.4939328357671684,0.05748421580324951,29.204701829758633,526.4952496591587,1.9886581575144915,35.85104478144121,0.0,1e-06,-0.06917534123723221,1.0073936531598187,0.033846153846153845,0.18111189764393207,2.0246153846153847,0.1739436985245808,1.0,1e-06,127.86749662164102,347.34506129635463,0.9938461538461538,0.0783253011581792,10.994218712931243,1.0259997491081687,biometric,sa-east,['/resource/29'],325,dev_00551,edge_device
0.5121171171171172,0.1751238082399588,0.9894805246428974,0.06690429457066775,38.911074280214244,579.7619492206765,5.569493212386822,82.98357988606348,0.0,1e-06,-0.024639619032077675,0.7956083018571463,0.02702702702702703,0.16252863079260998,1.0810810810810811,0.27357645155253196,1.0,1e-06,179.33190054714714,408.4329948478538,0.9954954954954955,0.06711560552140243,5.050894149255214,1.0149712289877633,biometric,us-west,['/resource/26'],222,dev_00552,edge_device
1.2977678571428573,0.4758176807894095,0.9953616034365815,0.05449891360499441,40.294830034501096,738.6164349939252,8.465555621234703,155.17619773666775,0.0,1e-06,-0.0371588606359301,0.9905947157859918,0.041666666666666664,0.2001243394587003,1.0267857142857142,0.16169741938911766,1.0,1e-06,121.85946834692461,340.88188244804786,0.9970238095238095,0.05455447255899809,3.9943627650578075,0.993662849471697,certificate,us-west,['/resource/32'],336,dev_00553,edge_device
0.686959706959707,0.25486715510801894,0.9963369963143412,0.06052275326550406,0.0,1e-06,0.0,1e-06,0.0,1e-06,-0.0791904368288796,0.9313464985488301,0.02564102564102564,0.15835218590628022,1.0,1e-06,1.0,1e-06,153.5393319808303,384.7711956971541,0.9963369963369964,0.06052275326688024,10.86379410679132,1.004909195823766,certificate,eu-west,['/resource/31'],273,dev_00554,edge_device
1.253294117647059,0.4279756512669737,0.8794371452681496,0.3196371599758255,0.0,1e-06,0.0,1e-06,0.0,1e-06,-0.004950177987491569,1.0031767643516685,0.03823529411764706,0.1920464328722856,1.6647058823529413,1.4139804175462378,1.0,1e-06,99.74473645142157,300.65748597544433,0.9676470588235294,0.1771964365611426,7.003681830804076,1.021671966758517,certificate,eu-west,['/resource/56'],340,dev_00555,edge_device
0.3390689655172414,0.11656337095654505,0.9965517241163954,0.058722021950201354,0.0,1e-06,0.0,1e-06,0.0,1e-06,-0.08929177164575744,0.965151395032812,0.010344827586206896,0.10135697846660685,1.0,1e-06,1.0,1e-06,145.00162797890806,376.4238056098487,0.996551724137931,0.05872202195147035,9.005067068981546,0.9900801427062781,token,ap-south,['/resource/58'],290,dev_00557,edge_device
0.7370949720670392,0.265191147782535,0.9911172365691696,0.07459084749771328,40.16366651906313,537.3532351978145,4.632207960180857,61.974718675916186,0.0,1e-06,0.1344752902634149,1.2909988506583001,0.0335195530726257,0.1804937466868522,1.0502793296089385,0.21913371364985126,1.0,1e-06,230.3516066699255,458.9264606631833,0.994413407821229,0.07474350927519358,8.939375180211535,1.0143740480741514,token,eu-west,['/resource/23'],179,dev_00558,edge_device
1.0592592592592593,0.4144274923620479,0.9949451306028321,0.06802616400522146,74.00662049477724,1087.670746800025,4.084605930192321,60.031201975904594,0.0,1e-06,0.03873051649573029,0.9822473102128502,0.018518518518518517,0.13513001363761487,1.0416666666666667,0.20029048671808514,1.0,1e-06,192.49368173873452,427.13989963078234,0.9953703703703703,0.06804138174397717,22.082841340667677,0.9916954117553343,certificate,sa-east,['/resource/12'],216,dev_00559,edge_device
0.2691517857142857,0.09439300629841456,0.863718675303425,0.12868045715364376,60.84618207684849,910.6622664993295,4.3308321306040565,64.81796012941038,0.0,1e-06,-0.36546873046797235,0.3163961756241742,0.03571428571428571,0.18599249845384053,1.3660714285714286,1.1828030529803573,1.0,1e-06,177.00473716874998,404.54622000269666,0.9955357142857143,0.0668153104781061,17.95647133756715,0.9523407940282309,token,us-west,['/resource/21'],224,dev_00560,edge_device
1.4548961424332345,0.5061938427553304,0.9776773559597853,0.05487016347356389,0.0,1e-06,0.0,1e-06,0.0,1e-06,-0.08829102130806336,0.9745355343534566,0.020771513353115726,0.14283064612263746,1.1543026706231454,0.36991094941728736,1.0,1e-06,107.1496244289812,310.02663799620075,0.9970326409495549,0.05447347107028432,9.986360175829784,1.0058368933061097,token,us-west,['/resource/43'],337,dev_00561,edge_device
0.6591690544412607,0.22327923748122058,0.4986242752955423,0.07500822566072174,0.0,1e-06,0.0,1e-06,0.0,1e-06,-0.053051163090821286,0.9424031999132347,0.022922636103151862,0.14987177384460973,2.103151862464183,0.4021727374892128,1.0,1e-06,117.93024767645656,338.7860331997773,0.994269340974212,0.07559227218965126,23.978417973497933,0.9494797975723257,certificate,ap-southeast,['/resource/59'],349,dev_00562,edge_device
1.4785987261146496,0.5067908915853748,0.9968152866040628,0.05643326479716978,0.0,1e-06,0.0,1e-06,0.0,1e-06,-0.12564527397827452,1.0865066701130224,0.009554140127388535,0.09743249616366798,1.0,1e-06,1.0,1e-06,133.4165461660828,356.0489650656533,0.9968152866242038,0.05643326479831003,16.94041945167455,1.050132037480285,certificate,ap-south,['/resource/48'],314,dev_00563,edge_device
1.1193125,0.4290945885006045,0.969098926680276,0.08506716115095485,0.0,1e-06,0.0,1e-06,0.0,1e-06,0.03923164529908853,1.1482044951734915,0.025,0.15661513939205382,1.64375,1.3978729349044443,1.0,1e-06,237.52727676802084,444.6894106162583,0.99375,0.07905694150420947,18.049059401695857,1.0371056114368284,biometric,ap-south,['/resource/52'],160,dev_00564,edge_device
0.9472222222222223,0.34629637151731024,0.45767492232554197,0.14100880750784814,0.0,1e-06,0.0,1e-06,0.0,1e-06,-0.04296406366164567,0.9645512989832533,0.04513888888888889,0.2079700665646728,2.6319444444444446,1.3830558892256095,1.0,1e-06,142.59740025474537,367.085622871828,0.96875,0.17429549581279252,1.0839633944809435,0.9951211314539349,token,ap-south,['/resource/6'],288,dev_00566,edge_device
1.2774305555555556,0.43737894873221184,0.9930555555170587,0.08333333333010282,0.0,1e-06,0.0,1e-06,0.0,1e-06,-0.11708193729256923,1.1251765137366696,0.041666666666666664,0.20052378963551987,1.0,1e-06,1.0,1e-06,290.9853155228009,519.2394356902414,0.9930555555555556,0.08333333333333334,16.974859000697773,0.9074405885170947,certificate,us-west,['/resource/6'],144,dev_00567,edge_device
0.824020618556701,0.3002868760098917,0.49887054503701317,0.13114039816740986,0.0,1e-06,0.0,1e-06,0.0,1e-06,0.060397810463863395,1.024709884519835,0.010309278350515464,0.1015346165133619,1.9690721649484537,0.17402156519994638,1.0,1e-06,431.6732732139175,700.1120504330701,0.979381443298969,0.14284180084530065,19.13803305148356,0.9668660346627007,password,ap-southeast,['/resource/39'],97,dev_00568,edge_device
0.1250793650793651,0.027591608491880273,0.5080864688578035,0.13299808724846568,0.0,1e-06,0.0,1e-06,0.0,1e-06,-0.057862952241326565,0.8153519419988594,0.031746031746031744,0.1757888574144678,1.9841269841269842,0.12531621603777518,1.0,1e-06,214.65566737539683,446.54962961891954,0.9894179894179894,0.10259494769081341,10.989368642028142,0.9993291803462959,certificate,ap-south,['/resource/25'],189,dev_00569,edge_device
0.30315789473684207,0.10413691760204688,0.49411960680614203,0.11598269950264387,64.94931195644783,749.0320056185351,6.372775405980201,73.49443127124528,0.0,1e-06,-0.04756623599885345,1.1867001481594557,0.03007518796992481,0.17143996316672594,2.0601503759398496,0.2685369591469448,1.0,1e-06,308.85581449586465,525.0133594618796,0.9849624060150376,0.12216248531529499,12.94264412733039,0.9608244301323723,certificate,eu-west,['/resource/47'],133,dev_00571,edge_device
0.20766129032258066,0.06311827677750861,0.45905482128943054,0.17823748602961526,109.9156837517263,1223.9692538179133,6.064559596533091,67.53207759567154,0.0,1e-06,0.027963919727994297,1.1130392555254698,0.016129032258064516,0.1264828127237176,2.5161290322580645,1.2590089725539741,1.0,1e-06,335.4843605392473,541.6369122104775,0.9354838709677419,0.2466667375479232,9.802557245228448,1.1625839899508326,biometric,us-west,['/resource/34'],124,dev_00572,edge_device
0.7741463414634147,0.27049543580053065,0.5132699514549758,0.18642114159726322,71.8361583118747,650.5040803582368,4.450318962619672,40.2993521940773,0.0,1e-06,0.0868439315207932,0.9798113138033047,0.0,1e-06,1.9390243902439024,0.24075811208259254,1.0,1e-06,489.21174089552846,661.805099649088,0.975609756097561,0.15520673239323957,16.936780189054105,0.9840857356236328,certificate,us-east,['/resource/12'],82,dev_00573,edge_device
1.266896551724138,0.4643849238850896,0.47125918668081157,0.12217415143428276,0.0,1e-06,0.0,1e-06,0.0,1e-06,0.11066471587648986,1.518376520656328,0.017241379310344827,0.13130643285972254,2.1206896551724137,0.4220911270569779,1.0,1e-06,628.8027184643678,877.3213176625526,0.9655172413793104,0.18405922400991945,0.883506263982242,1.1019334686021975,certificate,us-west,['/resource/36'],58,dev_00574,edge_device
0.3116101694915254,0.11083742788592575,0.49710644901857803,0.06548588955113897,0.0,1e-06,0.0,1e-06,0.0,1e-06,0.02387290246194979,0.9925741408344446,0.03389830508474576,0.1812235745236386,1.9943502824858756,0.07505806184977859,1.0,1e-06,118.34182431967984,336.41528266326543,0.9943502824858758,0.07505806184977859,23.92878675085018,1.0139120364428167,certificate,eu-west,['/resource/2'],354,dev_00575,edge_device
1.0320833333333332,0.3397994994485424,0.9918532851056673,0.0720381923904892,30.680025945696485,425.1149097238215,25.55044138933306,354.0373011370847,0.0,1e-06,0.05648907419761883,1.034893510725975,0.03125,0.174447519824086,1.046875,0.2119236872429783,1.0,1e-06,204.78548501527777,439.43594380966977,0.9947916666666666,0.07216878364870324,21.96907529989707,1.0555846023472852,password,us-east,['/resource/32'],192,dev_00576,edge_device
0.7323958333333334,0.25462936740868264,0.502850583885742,0.12963535476703547,70.51595256037692,977.0977006295158,3.393335976580133,47.01944254870515,0.0,1e-06,0.05619362620009894,1.0729855754892532,0.015625,0.12434382748876188,2.0364583333333335,0.23718232175307985,1.0,1e-06,218.38540435963543,450.7382717107943,0.9895833333333334,0.10179454378723672,17.93595235736157,1.0025235680316809,token,ap-south,['/resource/38'],192,dev_00577,edge_device
0.33089605734767025,0.11653072564937884,0.9964157705870731,0.059868434007588345,0.0,1e-06,0.0,1e-06,0.0,1e-06,-0.047303474327556175,1.0528713040537891,0.014336917562724014,0.11908905333823415,1.0,1e-06,1.0,1e-06,150.06473792909202,377.7514671878325,0.996415770609319,0.059868434008924956,7.927399313040043,1.068905376522911,password,sa-east,['/resource/55'],279,dev_00578,edge_device
0.5889147286821705,0.2160014478759254,0.9917537497221514,0.08802238501842237,30.241455501098823,343.4769080686754,10.746177663625492,122.05311603883058,0.0,1e-06,0.22311454971439787,1.10918565735821,0.015503875968992248,0.12402722256821076,1.062015503875969,0.24212399923954656,1.0,1e-06,316.36077648927653,582.7642682771059,0.9922480620155039,0.08804509063256238,8.044710481927254,1.0694024144430245,certificate,ap-south,['/resource/4'],129,dev_00579,edge_device
1.1408049535603715,0.41759512142890814,0.9965613564453241,0.05563136868939305,48.073146591232074,863.98024149156,35.21782859585457,632.9418857014113,0.0,1e-06,0.04842017844536323,1.163064082324565,0.04024767801857585,0.1968445187249192,1.0278637770897834,0.1648378273819448,1.0,1e-06,129.5427587120227,350.7849699689166,0.9969040247678018,0.055641488407465724,6.052092266812437,1.0501204387539858,token,us-east,['/resource/33'],323,dev_00580,edge_device
1.2055409836065574,0.45953328632695406,0.5154552710880244,0.1445061851465129,71.11458108531156,876.7546953544377,47.81646654226113,804.1509436729505,0.0,1e-06,-0.027424584733325905,1.0317331333933013,0.022950819672131147,0.1499928097212527,2.0491803278688523,0.24509863134138157,1.0,1e-06,132.89902721,358.73333089604864,0.9934426229508196,0.08084433641226581,21.033265937898598,0.9529504095416562,token,ap-southeast,['/resource/21'],305,dev_00581,edge_device
0.29646153846153844,0.09368215493809989,0.49984316691300124,0.16225421957933397,238.8865592148917,1925.9650129946408,11.941105878379979,96.27227339122234,0.0,1e-06,-0.3248807883313555,1.182671162412135,0.0,1e-06,2.076923076923077,0.3668996928526714,1.0,1e-06,642.4320368110256,754.5322800135491,0.9692307692307692,0.1740358053345964,0.07132108729575797,1.113494407277705,token,us-east,['/resource/53'],65,dev_00582,edge_device
0.7759668508287292,0.2704292452247083,0.9937957935675625,0.07430245238160905,21.55330253945717,289.97002933869584,110.79516548455187,1490.5965026624783,0.0,1e-06,-0.1247630835883436,1.614998558281774,0.022099447513812154,0.14741480043937907,1.0497237569060773,0.2179766321299055,1.0,1e-06,224.21470323775324,464.3646795746606,0.994475138121547,0.07432941462471664,4.060284237802922,0.8985482858635799,certificate,ap-south,['/resource/14'],181,dev_00583,edge_device
1.3955425219941349,0.4818848551549825,0.9940126234010728,0.05404644115713462,39.969339546082296,738.0812308809622,2.3912797539402955,44.15781507057639,0.0,1e-06,-0.03154631886746796,1.0498912655786623,0.008797653958944282,0.0935195330040919,1.0263929618768328,0.16053644760347305,1.0,1e-06,122.40828063299121,341.7667787188833,0.9970674486803519,0.054153036107388225,13.96555503494021,1.014495617520946,token,ap-southeast,['/resource/27'],341,dev_00584,edge_device
1.2538011695906432,0.4506679906204667,0.5043397804364598,0.09188263941677911,11.4162399049079,211.1232873932024,37.77608258026191,698.6022373052372,0.0,1e-06,-0.002067948211496111,0.9969873124190952,0.03216374269005848,0.1766933061249151,2.0116959064327484,0.20228327437457103,1.0,1e-06,122.39025691559455,342.9259118027342,0.9941520467836257,0.07635970006130424,4.030597100756317,0.9980043925191453,certificate,us-east,['/resource/45'],342,dev_00585,edge_device
0.41566473988439306,0.14354823666452993,0.48882115683929395,0.0653569615474912,78.78349586828938,1036.2351013513185,206.40361005052438,2714.8156275973474,0.0,1e-06,0.043486915956828326,1.1877403111124272,0.017341040462427744,0.13091753303912612,2.098265895953757,0.31741579884027155,1.0,1e-06,234.95700204999997,470.0199571881746,0.9884393063583815,0.10720765041027996,3.121455946142081,0.960018851583126,certificate,ap-southeast,['/resource/2'],173,dev_00586,edge_device
1.0313109756097563,0.35682226569838355,0.5042573079694669,0.09848848462292932,39.131852348513306,708.7079883690303,4.19562058928448,75.98592065894006,0.0,1e-06,-0.020764246034282327,1.080086061226707,0.027439024390243903,0.16360847555570893,2.0121951219512195,0.20655333416289295,1.0,1e-06,126.1955308613313,348.7919593685687,0.9939024390243902,0.07796739062036884,9.03325318276785,0.977745557949323,certificate,us-east,['/resource/5'],328,dev_00589,edge_device
0.5877173913043479,0.19753482519987783,0.9891304347272438,0.10425720702270179,0.0,1e-06,0.0,1e-06,0.0,1e-06,-0.27444821695679683,1.297706605480157,0.0,1e-06,1.0,1e-06,1.0,1e-06,439.17786009565214,605.4618205665982,0.9891304347826086,0.10425720702853734,21.022150502360272,0.9454387403060306,password,ap-southeast,['/resource/12'],92,dev_00590,edge_device
1.1605614973262033,0.40725123851863704,0.9954621399210353,0.051648176144821305,10.43087636267847,201.72354833623953,0.584565792697464,11.304964399811851,0.0,1e-06,-0.06052661663058289,1.020414575737038,0.02406417112299465,0.15345373729671716,1.0240641711229947,0.15345373729671713,1.0,1e-06,111.9148466495098,329.7050600421144,0.9973262032085561,0.05170876899950191,16.06669766740746,1.0271380294551071,certificate,ap-southeast,['/resource/55'],374,dev_00591,edge_device
1.0560816326530613,0.40619807798006696,0.995918367322137,0.06388765649840297,0.0,1e-06,0.0,1e-06,0.0,1e-06,0.004746781137942995,0.9706732216831319,0.012244897959183673,0.11020222295001493,1.0,1e-06,1.0,1e-06,171.08202601319726,406.41148303140864,0.9959183673469387,0.063887656499994,5.923357745054714,0.9807764645317952,biometric,ap-southeast,['/resource/34'],245,dev_00592,edge_device
1.4063855421686744,0.5083589465129985,0.9362381504263178,0.23736805761005897,15.667260078882522,247.22519401642128,2.1551887010158945,34.008304072824004,0.0,1e-06,0.01929162245367724,1.1278497907377918,0.03614457831325301,0.18702573131554873,1.3815261044176708,1.2127598159947492,1.0,1e-06,160.11858023962517,390.92171890804957,0.9558232931726908,0.20590140359800224,6.00618254029441,1.097396189262503,certificate,ap-southeast,['/resource/60'],249,dev_00593,edge_device
1.4311764705882353,0.5097888641646748,0.8837882874884083,0.31576397376486925,0.0,1e-06,0.0,1e-06,0.0,1e-06,0.06721050285034799,1.0193341409571974,0.02100840336134454,0.14371440829893933,1.596638655462185,1.491575938486406,1.0,1e-06,176.1138148136555,413.185861345717,0.9537815126050421,0.21040042834436293,11.066148335313507,1.0352427405607674,certificate,eu-west,['/resource/12'],238,dev_00594,edge_device
0.5275735294117647,0.17976320359904505,0.4918306345442578,0.10636336650717175,79.74245305522068,929.9488154839029,4.661470442310158,54.36161981670755,0.0,1e-06,-0.008333373196342682,1.0715592746392468,0.022058823529411766,0.1474178623633881,2.0588235294117645,0.26568446566202863,1.0,1e-06,306.58771645318626,525.2638903055415,0.9852941176470589,0.12081783763611871,12.905078517816241,1.0813222489741166,certificate,ap-southeast,['/resource/15'],136,dev_00597,edge_device
0.7868503937007875,0.2624055409409459,0.4948172128324369,0.11615041819242121,46.38240142971437,522.7031180538054,41.578393118839315,468.56469387031564,0.0,1e-06,-0.07083543446046174,1.0777117255562798,0.023622047244094488,0.1524699777439344,2.047244094488189,0.3049399554878688,1.0,1e-06,319.50283213845154,542.2861502539297,0.984251968503937,0.12499218823234565,20.863162730793476,0.9757016771320625,token,us-east,['/resource/1'],127,dev_00598,edge_device
1.0826988636363637,0.3871480060315481,0.997159090890797,0.05330017908792477,0.0,1e-06,0.0,1e-06,0.0,1e-06,0.056475464230253666,1.0150385785118592,0.02556818181818182,0.15806780581583096,1.0,1e-06,1.0,1e-06,119.19001122585227,340.03326410130546,0.9971590909090909,0.053300179088902624,11.91389146421653,1.0189274553889403,biometric,ap-southeast,['/resource/26'],352,dev_00599,edge_device
2.466697247706422,0.8235872473524626,0.9954128440093605,0.06772854614599963,0.0,1e-06,0.0,1e-06,0.0,1e-06,0.009390377790391305,1.0529485636262526,0.03669724770642202,0.18845016721230018,1.0,1e-06,1.0,1e-06,191.83856955022932,454.25376649815,0.9954128440366973,0.06772854614785963,9.01157592599287,0.5510656640486316,token,ap-south,['/resource/28'],218,svc_00400,service_account
1.3179710144927537,0.46757097368898753,0.3090008778647604,0.10108585895880955,17.07410139586587,317.13735789768856,2.8884586016433276,53.65073734093063,0.0,1e-06,0.07770648468736215,1.0062720212039424,0.02608695652173913,0.1596254463243778,3.382608695652174,1.0990160136139873,1.0,1e-06,118.29607089811594,356.38353444105985,0.9652173913043478,0.18349488852626913,1.9916636738326623,0.6928993937869675,token,us-east,"['/resource/26', '/resource/36']",345,svc_00401,service_account
0.7199484536082476,0.2585341248312483,0.32326665069155863,0.05738237836656226,70.25538549079414,978.5442876790282,22.541021404941027,313.9600982923369,0.0,1e-06,-0.1153008239868237,1.0107214136484861,0.010309278350515464,0.10127123185047564,3.0309278350515463,0.26753947933637556,1.0,1e-06,209.61558878006875,464.2107851421778,0.9845360824742269,0.12370800166426253,17.918075205272764,0.6410259371444876,certificate,us-west,"['/resource/26', '/resource/42']",194,svc_00402,service_account
1.0647750865051904,0.41211434152219667,0.9965397923659451,0.0588235294104898,0.0,1e-06,0.0,1e-06,0.0,1e-06,-0.09761456852815857,1.081369591019567,0.05536332179930796,0.22908473422642986,1.0,1e-06,1.0,1e-06,145.04396282087657,398.10617421514496,0.9965397923875432,0.0588235294117647,13.011885751995266,0.5887095467087233,certificate,us-west,['/resource/50'],289,svc_00403,service_account
1.1422986577181207,0.4063296480969177,0.4980681612552075,0.053105258126015166,21.535650285759,525.7522258682174,1.833241993765118,44.75514070798489,0.0,1e-06,-0.006824248570159216,1.0068929998639902,0.03691275167785235,0.18870598474202552,2.0050335570469797,0.1586968958561729,1.0,1e-06,69.39622134412751,277.2482828730002,0.9966442953020134,0.0578797448003879,9.977728315465097,0.6168534733064331,certificate,us-east,['/resource/13'],596,svc_00404,service_account
2.778791666666667,1.034150584011138,0.3312022678148682,0.04757978114048301,0.0,1e-06,0.0,1e-06,0.0,1e-06,0.025009800280182026,1.012300417264118,0.03333333333333333,0.17969277113233134,2.9125,0.29014789979910044,1.0,1e-06,87.24394302309028,311.67437913243765,0.99375,0.078891723055065,0.9783779214205996,0.5978504572479754,token,us-west,"['/resource/29', '/resource/10']",480,svc_00405,service_account
2.7688546798029554,0.9779077762277377,0.9987684728974433,0.03509312031686497,0.0,1e-06,0.0,1e-06,0.0,1e-06,-0.032855329104557005,1.07863793409777,0.04187192118226601,0.20041988808764483,1.0,1e-06,1.0,1e-06,51.59706237370689,239.38136105548494,0.9987684729064039,0.03509312031717983,18.969469379355143,0.6220328375695358,certificate,us-west,['/resource/16'],812,svc_00406,service_account
1.136150895140665,0.39736313034194753,0.330502532882298,0.03163037689157092,19.856299678987163,555.2667846075841,1.0021601171313579,28.024668991592957,0.0,1e-06,-0.07423428906805872,0.9772492370617573,0.06010230179028133,0.2431525548643825,2.9705882352941178,0.23279059026067025,1.0,1e-06,53.388696161935215,243.95479227517149,0.9961636828644501,0.061858653557654124,23.986494013355355,0.5940674350909295,certificate,us-east,"['/resource/20', '/resource/29']",782,svc_00407,service_account
3.068133333333334,0.9904861515434161,0.3340413494979528,0.07836808657469944,36.345452760570836,703.8266662602964,1.8983410248021702,36.761215872405636,0.0,1e-06,-0.03246472522218237,1.0984389347593657,0.06133333333333333,0.24026129566802562,2.981333333333333,0.2872948388340406,1.0,1e-06,107.40901051635555,345.0971777780564,0.992,0.08920324686544148,23.010989426917405,0.5694982048473057,certificate,us-west,"['/resource/36', '/resource/40']",375,svc_00408,service_account
1.0081364829396326,0.3415798315524311,0.9973753280668801,0.051231551956977144,0.0,1e-06,0.0,1e-06,0.0,1e-06,0.04918367932050315,1.0893092800890107,0.03674540682414698,0.18838345765221828,1.0,1e-06,1.0,1e-06,109.99398121557304,346.0779466604327,0.9973753280839895,0.05123155195785598,0.9599760471721233,0.6488037246300803,certificate,ap-south,['/resource/11'],381,svc_00409,service_account
0.9764568764568764,0.3280436717714367,0.4978917601426596,0.05926072124477712,25.279658777412617,523.6002601700422,1.5187291815630257,31.45639747735652,0.0,1e-06,0.0014312551299374872,1.0862200822141184,0.011655011655011656,0.10745271663592994,2.013986013986014,0.1668571771334507,1.0,1e-06,96.91338704358974,327.5080827061713,0.9953379953379954,0.06819906251370059,20.950102766157592,0.5998296208757279,certificate,eu-west,['/resource/25'],429,svc_00410,service_account
2.9993030794165314,1.0168580654159856,0.49826233136095516,0.05001469741378446,25.16633119767903,625.118698658051,2.126928575079878,52.831809791773594,0.0,1e-06,-0.04534158842377411,1.0231903506821094,0.04213938411669368,0.2010700918566221,2.012965964343598,0.12674926858347854,1.0,1e-06,66.86984980858996,272.786397717407,0.9967585089141004,0.05688786272172457,15.998311620182237,0.5895180419030673,token,us-east,['/resource/25'],617,svc_00411,service_account
2.8966766467065863,1.0388472634946888,0.9963590769631371,0.05469800863295419,40.53611644189332,740.824560802154,3.1897996411810086,58.2957156641328,0.0,1e-06,-0.09127321571319315,1.0942561580386714,0.011976047904191617,0.1089410647126713,1.026946107784431,0.16216890529217992,1.0,1e-06,123.76522678817365,365.5663963091282,0.9970059880239521,0.05471756551645827,16.018847974950784,0.6068339595683601,token,ap-south,['/resource/13'],334,svc_00412,service_account
0.6342086956521739,0.22631195113689817,0.33332998528537106,0.06629771632134521,27.00456756342254,647.5467819704498,3.5212104780690554,84.43566105471315,0.0,1e-06,-0.0570937869794307,1.0445074473803053,0.019130434782608695,0.13710270583279804,2.9947826086956524,0.3802262938569888,1.0,1e-06,67.88628543281159,272.62260974133756,0.9947826086956522,0.07210556317351395,23.014483254500956,0.5986204134483006,token,us-east,"['/resource/32', '/resource/26']",575,svc_00413,service_account
1.976881496881497,0.6700284854723875,0.9966518263515943,0.04556028758571253,14.94656196863264,327.80369546746476,5.310574391704928,116.4699891727018,0.0,1e-06,0.0445339644893982,1.0707467226476548,0.018711018711018712,0.13564353430653597,1.0187110187110187,0.13564353430653597,1.0,1e-06,84.60303413659044,306.28358722442704,0.997920997920998,0.04559607525875533,0.9450256246197843,0.5931624010490401,certificate,eu-west,['/resource/52'],481,svc_00414,service_account
2.0270826010544813,0.7067324098631454,0.9964165755524206,0.04187297091085877,23.953505773662677,571.3802409123184,1.6264790184636146,38.79757652971181,0.0,1e-06,0.044911278277488656,0.9964654372309115,0.05272407732864675,0.24616165277317703,1.015817223198594,0.12487772182044535,1.0,1e-06,72.78384079285296,281.5616040826917,0.9982425307557118,0.04192218081503185,11.990266137209396,0.6198304519027238,token,ap-southeast,['/resource/22'],569,svc_00415,service_account
2.8490702479338843,1.0017244774899048,0.4952566837926669,0.03707589680425588,0.0,1e-06,0.0,1e-06,0.0,1e-06,-0.013591358529913724,0.9297182718672312,0.030991735537190084,0.1734745640207782,2.0165289256198347,0.14293412021855678,1.0,1e-06,84.93541035306474,305.6047799111437,0.9958677685950413,0.06421585521064838,12.93682896287297,0.6081301188410327,certificate,ap-southeast,['/resource/37'],484,svc_00416,service_account
1.7904050632911392,0.6380083524863278,0.9012436020294244,0.29309089829072565,9.876323442131008,196.28804617135162,0.7696191885375101,15.295878845925415,0.0,1e-06,-0.05849615002212467,0.9716836728070622,0.007594936708860759,0.08692746246522554,1.4253164556962026,1.1020825181260157,1.0,1e-06,104.71010028818566,340.767936631738,0.9721518987341772,0.16474615827134598,4.147890765088044,0.7564468371952543,certificate,ap-south,['/resource/42'],395,svc_00417,service_account
2.0256159420289856,0.7000647628268631,0.3324669645197648,0.047158199811785845,0.0,1e-06,0.0,1e-06,0.0,1e-06,0.0215918687883028,1.0103688570525995,0.026570048309178744,0.16092033875764222,2.9541062801932365,0.2699277494072293,1.0,1e-06,49.0609156502818,232.42371666614505,0.9963768115942029,0.06012009780896386,4.00277774755466,0.606191170297452,token,us-west,"['/resource/28', '/resource/50']",828,svc_00418,service_account
0.5043032786885246,0.1692124283707668,0.4950822305269131,0.07716890915030594,0.0,1e-06,0.0,1e-06,0.0,1e-06,-0.016718967060268698,0.9677202357266368,0.020491803278688523,0.14196650888315676,1.9959016393442623,0.06401843996644797,1.0,1e-06,171.5529211703552,429.4710391011143,0.9918032786885246,0.09034926645000338,6.0305633601782525,0.5780735158534375,token,ap-south,['/resource/10'],244,svc_00420,service_account
1.2378831168831168,0.41942193403814854,0.3312033541348365,0.0340604662147992,0.0,1e-06,0.0,1e-06,0.0,1e-06,0.009095484846027364,1.0529500304553583,0.03896103896103896,0.19362790865632637,2.9376623376623376,0.24724172061092978,1.0,1e-06,54.310606076212125,244.8928157421292,0.9961038961038962,0.06233755678642709,0.025506118057938114,0.601305873429668,certificate,ap-southeast,"['/resource/44', '/resource/39']",770,svc_00421,service_account
2.6146052631578947,0.9200395237408645,0.3296325950536776,0.03598051050061072,0.0,1e-06,0.0,1e-06,0.0,1e-06,-0.030205081008681856,1.061308310691875,0.03195488721804511,0.17604552846587995,2.9793233082706765,0.15509280613259216,1.0,1e-06,78.65932559476816,298.4030946286876,0.9943609022556391,0.07495237290996279,5.0142940914212,0.5680371504685641,token,us-west,"['/resource/46', '/resource/42']",532,svc_00422,service_account
2.791935483870968,0.9508335543124314,0.9987593052018999,0.0352234976834993,0.0,1e-06,0.0,1e-06,0.0,1e-06,0.0469004149901859,1.0208094819822453,0.05334987593052109,0.23032775818934886,1.0,1e-06,1.0,1e-06,51.89839537834988,241.33312401361502,0.9987593052109182,0.035223497683817336,0.007686086472393893,0.5764155359531057,biometric,us-west,['/resource/27'],806,svc_00423,service_account
2.6456729559748426,0.9255964888448455,0.9984909516652271,0.035461467591465394,13.067475706797913,368.4472044560308,1.2977398962729223,36.590742360751186,0.0,1e-06,-0.011181253803520298,1.007614305407124,0.027672955974842768,0.1641372949627061,1.0113207547169811,0.10586166301906787,1.0,1e-06,51.76828904754717,239.31006407871544,0.9987421383647799,0.035466345106595416,13.990135446523798,0.5969569746072212,token,sa-east,['/resource/12'],795,svc_00424,service_account
2.2582264957264955,0.7577649825099565,0.49465958545613864,0.04510004550952713,57.85924312646311,884.1281023069232,90.97390820249866,1924.5954658371961,0.0,1e-06,-0.017090778434539263,1.061463720855154,0.03418803418803419,0.1819063425453489,2.036324786324786,0.198400880233068,1.0,1e-06,88.66602386342593,313.47566352140336,0.9957264957264957,0.06530201605429861,18.950635301634623,0.5972771998289572,token,ap-south,['/resource/3'],468,svc_00425,service_account
2.502307692307692,0.8793561123142064,0.32968542992287386,0.0935360000421562,121.95951504359522,1176.046666554463,2367.6554208044945,28208.47843000047,0.0,1e-06,-0.10699622135285958,0.9402294171114715,0.013986013986013986,0.11784532629584618,3.041958041958042,0.44205228602421864,1.0,1e-06,286.9557033269231,536.2588097539328,0.9790209790209791,0.14381773816293444,14.028697160149969,0.6004933750440059,password,ap-south,"['/resource/29', '/resource/7']",143,svc_00426,service_account
2.426540697674419,0.8218353623265169,0.48933821666974864,0.05366371418952656,0.0,1e-06,0.0,1e-06,0.0,1e-06,0.0773918933241395,1.059569169459602,0.046511627906976744,0.21089711164720173,2.0959302325581395,0.32322311894833,1.0,1e-06,114.80010829195736,350.0367779782762,0.9941860465116279,0.07613805347299549,15.985778833305844,0.577821243006979,biometric,ap-southeast,['/resource/36'],344,svc_00427,service_account
1.4836641221374047,0.497786620810107,0.4589812183089843,0.13443469373876296,37.18174065976636,605.1224011911091,6.0459576543386735,97.92090794884022,0.0,1e-06,0.004236564527574135,0.9711316226172947,0.03625954198473282,0.20654245857370648,2.3931297709923665,1.0896832974182098,1.0,1e-06,74.95917741952924,285.2083539934364,0.9770992366412213,0.14973010032711137,9.011287981644644,0.7486545438949165,token,eu-west,['/resource/50'],524,svc_00428,service_account
1.444642857142857,0.5143097230503935,0.9982632576596627,0.03940168097143814,24.111221038770125,611.8741954907051,1.5375473749173136,39.018578177505894,0.0,1e-06,0.008162333520093294,1.0616403462286232,0.03571428571428571,0.20177506002980977,1.013975155279503,0.11747885288332299,1.0,1e-06,64.53527293369567,267.0975251656729,0.9984472049689441,0.03940552031195504,20.028844283130297,0.6014472940827994,certificate,us-east,['/resource/54'],644,svc_00429,service_account
1.5053067484662577,0.5163592051012353,0.8840526484980754,0.3150916147130575,41.8084195865462,754.8706691572089,2.2234739645949326,40.14586765311558,0.0,1e-06,0.03517082426641673,1.0453712892695548,0.009202453987730062,0.09563379895022327,1.521472392638037,1.2641198741253004,1.0,1e-06,127.80332860991821,372.94996373805077,0.9662576687116564,0.18084276515868883,9.906166119036335,0.6744101542484268,token,us-west,['/resource/27'],326,svc_00430,service_account
1.947299270072993,0.713712374372757,0.4998049994548288,0.0901818739716291,37.914756156585184,627.6008868932931,1.9653101340524666,32.53167125901396,0.0,1e-06,-0.031243503822374685,0.9802823027313083,0.014598540145985401,0.1201587143235881,2.0255474452554743,0.19909288684978668,1.0,1e-06,151.5779443454988,406.0539323676262,0.9927007299270073,0.08527914645432419,22.007422246654684,0.5882960651786692,certificate,sa-east,['/resource/17'],274,svc_00431,service_account
1.969849931787176,0.6840096781068582,0.9974721127331126,0.036914599911868726,35.9810002916456,703.7263374515678,124.23681608905636,3327.7204008958406,0.0,1e-06,-0.0006085280271446312,1.0645749104431712,0.0504774897680764,0.2190775896144691,1.024556616643929,0.15487515199500906,1.0,1e-06,56.169094214347425,248.12148695430238,0.9986357435197817,0.03693584275765589,14.000244079522144,0.5939402524959402,token,sa-east,['/resource/46'],733,svc_00432,service_account
2.759585152838428,0.9841236107652634,0.33567546750776006,0.06542049111611019,0.0,1e-06,0.0,1e-06,0.0,1e-06,-0.011785169447155935,0.9774480994392702,0.06768558951965066,0.2598938275228191,2.903930131004367,0.31283273263879546,1.0,1e-06,45.754056505258376,226.23544033599882,0.9967248908296943,0.05716599042907157,4.970481883759427,0.6044512720028136,token,sa-east,"['/resource/36', '/resource/25']",916,svc_00433,service_account
1.075943925233645,0.36849907718125985,0.9981308411086757,0.04323377011615641,0.0,1e-06,0.0,1e-06,0.0,1e-06,-0.0468412181557527,1.0427182018961803,0.029906542056074768,0.17048891650193934,1.0,1e-06,1.0,1e-06,78.19684704009346,294.7244196602346,0.9981308411214953,0.04323377011671167,8.972222446594564,0.6000372593109279,certificate,us-west,['/resource/27'],535,svc_00434,service_account
1.9238489208633096,0.6653784288861415,0.9732655497457897,0.06617923532895516,0.0,1e-06,0.0,1e-06,0.0,1e-06,0.06257102356416566,1.0536700492760063,0.039568345323741004,0.1952943552787698,1.1618705035971224,1.0012912734150208,1.0,1e-06,148.94811273267385,400.76333333888965,0.9964028776978417,0.05997601439040672,0.017817286756758487,0.5961839530286753,token,eu-west,['/resource/13'],278,svc_00435,service_account
0.8095543175487465,0.28201553451213823,0.3274695221933132,0.044956605184749955,0.0,1e-06,0.0,1e-06,0.0,1e-06,-0.01713156820680194,0.9749286027477037,0.022284122562674095,0.14781204110560875,3.0,0.23635972962353272,1.0,1e-06,114.40757354795731,352.00339038303224,0.9916434540389972,0.09115844089658129,7.0380611914992475,0.6337596946898298,certificate,ap-south,"['/resource/39', '/resource/57']",359,svc_00436,service_account
0.30426108374384236,0.101208825944837,0.9987362240901906,0.03509254605267839,7.254390371396213,206.71830563453284,0.7541791509611652,21.49079774453562,0.0,1e-06,-0.009608096526046644,1.1054092192349607,0.03694581280788178,0.2074197826485871,1.0110837438423645,0.10475881704058113,1.0,1e-06,50.745049806342365,236.1756644019071,0.9987684729064039,0.03509312031717983,11.034572748710897,0.6150048182878146,certificate,us-east,['/resource/42'],812,svc_00438,service_account
2.9744976076555023,0.9090278308995927,0.4928357963842068,0.07350714970336429,0.0,1e-06,0.0,1e-06,0.0,1e-06,-0.004888425517532309,1.5046428566008028,0.03349282296650718,0.1803515562518752,1.9952153110047848,0.06917144638660745,1.0,1e-06,200.03276462759172,460.43650064353733,0.9904306220095693,0.0975877623756003,12.98163993413879,0.589216226145581,token,ap-southeast,['/resource/4'],209,svc_00439,service_account
1.1807846715328467,0.4091753033466381,0.9981751824691926,0.042717882885300554,0.0,1e-06,0.0,1e-06,0.0,1e-06,-0.027155268976849334,1.0364879294892713,0.032846715328467155,0.17839810832286476,1.0,1e-06,1.0,1e-06,76.41112250845498,294.03689328341704,0.9981751824817519,0.04271788288583805,17.975336681779524,0.5625640657791368,password,ap-southeast,['/resource/48'],548,svc_00440,service_account
0.7739332096474953,0.2711028748740187,0.4995710568403808,0.06054456547866339,47.26708371343866,800.1148351637942,2.5148489091996766,43.317935603298565,0.0,1e-06,-0.032106382766134846,1.0373928428173063,0.03339517625231911,0.17983308466742284,2.014842300556586,0.19223427851345812,1.0,1e-06,77.03098115881262,291.912592057556,0.9962894248608535,0.060857852076244265,21.955898157208598,0.617994152090647,token,sa-east,['/resource/14'],539,svc_00442,service_account
1.9099838187702263,0.6776990576234467,0.9980839780014946,0.04021937522954212,16.81010224418178,417.89251506838986,0.9049901322058879,22.497697929855818,0.0,1e-06,-0.02210856453143977,1.0091103441040823,0.016181229773462782,0.12627430011348195,1.0145631067961165,0.11989279408148784,1.0,1e-06,67.28643819166666,273.6109001836143,0.9983818770226537,0.040225899335456484,21.978792494805347,0.6045138040428907,certificate,sa-east,['/resource/47'],618,svc_00443,service_account
1.7883550913838122,0.6099432389911683,0.49853100707354836,0.04671855791707524,9.385504317117885,259.75983431925164,159.53913930895717,4415.517695596431,0.0,1e-06,-0.04118288007275471,1.019093525789565,0.07049608355091384,0.27580710197705427,2.0091383812010446,0.11956364745578657,1.0,1e-06,54.77587406303307,246.71474425108028,0.9973890339425587,0.05106420497682486,18.96929087304056,0.6007577164164785,token,ap-south,['/resource/60'],766,svc_00444,service_account
0.5197682119205299,0.18317143155612556,0.33445633341753006,0.08401990195272087,0.0,1e-06,0.0,1e-06,0.0,1e-06,-0.06241292433254753,0.9591343933698085,0.013245033112582781,0.11451210772568825,2.9503311258278146,0.23238591233238637,1.0,1e-06,138.5081162030905,387.2131060900038,0.9900662251655629,0.0993366482524728,23.992660782285647,0.6271555635262768,token,ap-south,"['/resource/19', '/resource/13']",302,svc_00445,service_account
1.7208108108108109,0.6033731863939614,0.3226796579239926,0.07433259375975834,178.2031973903799,1562.219631953874,23.945824282874803,210.25545002864763,0.0,1e-06,-0.044844664628612765,1.0714618080067304,0.04054054054054054,0.1978929270847799,3.0945945945945947,0.39275475441226676,1.0,1e-06,270.46877879313064,516.3701055301375,0.9797297297297297,0.14140185387822388,11.08815252760702,0.6538862776590576,certificate,sa-east,"['/resource/22', '/resource/27']",148,svc_00446,service_account
1.0208974358974359,0.36162907239598546,0.32451237585823595,0.04844064743258242,0.0,1e-06,0.0,1e-06,0.0,1e-06,-0.0034388134505034147,1.0602235790852443,0.038461538461538464,0.19271992791967693,2.9615384615384617,0.2138332565446496,1.0,1e-06,179.03449895954418,458.5595811280777,0.9871794871794872,0.1127407002823961,8.93633147837586,0.6287910287831734,token,sa-east,"['/resource/5', '/resource/17']",234,svc_00447,service_account
2.9379901356350184,1.0349362859383937,0.4983688790770759,0.05130466655372736,12.07758203335663,248.01542512792207,4.576844692645892,119.12891545392768,0.0,1e-06,0.022000768947870782,1.0422912966571747,0.040690505548705305,0.1976941562200847,2.0184956843403206,0.1599481580167681,1.0,1e-06,51.41959108251131,237.70131154512873,0.9975339087546239,0.04962909114907327,18.98259778014627,0.6271830285842286,certificate,us-east,['/resource/47'],811,svc_00448,service_account
2.0218532338308455,0.695566764686524,0.3338012988127338,0.055081257705234074,8.94191082949291,253.5469315594501,3.0829308224056566,87.41617593108272,0.0,1e-06,-0.0003655130685567054,0.9736213708355157,0.036069651741293535,0.1865795551110377,2.9228855721393034,0.3019630779814907,1.0,1e-06,50.62530057052239,237.7396800631896,0.996268656716418,0.06100860411471869,0.9727004842903728,0.5785415372002682,token,eu-west,"['/resource/52', '/resource/31']",804,svc_00449,service_account
2.5230067567567565,0.8763702328720734,0.4981940519510252,0.052761362343781884,0.0,1e-06,0.0,1e-06,0.0,1e-06,0.0925030164008928,1.191931306064026,0.033783783783783786,0.1808249769572249,1.9983108108108107,0.041099746826339316,1.0,1e-06,70.73733999611488,279.97240668013,0.9966216216216216,0.05807462442498985,1.0291123408443004,0.6209297399740793,token,ap-southeast,['/resource/48'],592,svc_00450,service_account
1.0997511664074648,0.394074411799652,0.9984447900357036,0.039436150335822345,0.0,1e-06,0.0,1e-06,0.0,1e-06,-0.015903625169564516,0.9853934354256145,0.03421461897356143,0.18192154681085035,1.0,1e-06,1.0,1e-06,65.08205391936237,269.44003309353883,0.9984447900466563,0.03943615033625495,20.991851350350398,0.6072924365607089,certificate,ap-southeast,['/resource/37'],643,svc_00451,service_account
1.677565084226646,0.5925460149923493,0.49776036543122726,0.04456913314602428,0.0,1e-06,0.0,1e-06,0.0,1e-06,0.006443150283109663,1.0300951472844209,0.0444104134762634,0.20616308545785691,1.996937212863706,0.05529999647388207,1.0,1e-06,64.16511568728943,269.02789854518477,0.996937212863706,0.05529999647388207,19.97871213492025,0.5789196663683461,token,us-east,['/resource/25'],653,svc_00452,service_account
1.2518596491228071,0.42041986256672764,0.9952281806729579,0.034309415008709945,0.0,1e-06,0.0,1e-06,0.0,1e-06,-0.038733293334030514,0.9873779233182894,0.03274853801169591,0.17808189882225856,1.0736842105263158,0.26140920288814634,1.0,1e-06,39.66605369785575,205.63145075232592,0.9988304093567252,0.03419927840283846,6.9795743485713055,0.5800369040604496,certificate,eu-west,['/resource/57'],855,svc_00454,service_account
2.3888674698795183,0.8425031253412456,0.5009851964808494,0.07733025182834685,0.0,1e-06,0.0,1e-06,0.0,1e-06,-0.023011025611644347,1.0490827372697398,0.04096385542168675,0.19844573880736335,1.9855421686746988,0.11951242544549584,1.0,1e-06,100.86605265634539,335.5522200477074,0.9951807228915662,0.06933712095603144,1.0181507796216953,0.5943050239467804,certificate,us-west,['/resource/8'],415,svc_00455,service_account
2.2587439613526574,0.7741159870485329,0.5051641519250968,0.1075357025239884,52.3911768865218,752.8646560084835,3.201227439181185,46.5787966901816,0.0,1e-06,0.07036138060687745,1.138569695535512,0.024154589371980676,0.15371472985700682,2.0386473429951693,0.21663082997148367,1.0,1e-06,99.86581210157006,330.7040836750203,0.9951690821256038,0.06942060743529788,15.021091321555668,0.6230728865005922,token,ap-southeast,['/resource/22'],414,svc_00456,service_account
1.2677330895795247,0.4412087730038942,0.3340339673638249,0.0653760572052848,0.0,1e-06,0.0,1e-06,0.0,1e-06,-0.040088414207043406,1.1826828683821677,0.056672760511883,0.24674861681005827,2.9213893967093236,0.2953229562001452,1.0,1e-06,76.54604243016453,291.63015603024326,0.9945155393053017,0.07392138455875996,13.986294877481535,0.6032840939634442,certificate,us-west,"['/resource/14', '/resource/47']",547,svc_00457,service_account
2.653373493975904,0.9353447293309094,0.9079012548946814,0.1159832509191334,0.0,1e-06,0.0,1e-06,0.0,1e-06,0.030132881432496837,1.0273110403517436,0.04819277108433735,0.24139064066771834,1.7710843373493976,1.7706379689497591,1.0,1e-06,220.5444974320281,489.95115642142684,0.9939759036144579,0.0776150525706333,14.016065468302251,0.5834306717644898,token,us-east,['/resource/22'],166,svc_00458,service_account
1.6704545454545456,0.5567065646910628,0.30147794315205667,0.06760197926901998,16.133694411068188,250.98138392047198,3.3986826431447468,52.871093969510724,0.0,1e-06,0.007594080784910439,1.0811997384933285,0.06198347107438017,0.24162527084287638,3.243801652892562,0.9611017676594329,1.0,1e-06,146.36001632176308,390.7302151909865,0.987603305785124,0.11087748682425176,8.007980957112107,0.5716701079824406,certificate,us-east,"['/resource/13', '/resource/19']",242,svc_00459,service_account
28.901838235294118,9.633604163990398,0.18930551959932906,0.09677828166351007,173.68395483122674,1514.7022268365395,88.4311597353872,998.790339429167,0.0,1e-06,-0.08168752268724028,1.0773107231773644,0.022058823529411766,0.1474178623633881,4.911764705882353,1.1186671184960955,1.0,1e-06,288.1100192231618,400.3843543553638,0.9632352941176471,0.18887927695651677,9.22796785115466,3.4695827433901876,password,sa-east,"['/resource/9', '/resource/48', '/resource/16', '/resource/7']",136,usr_00000,user
22.915042735042736,7.101383743732216,0.1305545143964768,0.04712981869461903,441.7380182857938,2133.5190803547453,5664.173518030352,58272.239926687434,0.0,1e-06,0.07423440193203183,0.8851185573980667,0.008547008547008548,0.09245003270420483,5.6581196581196584,0.9927529918362787,1.0,1e-06,302.4429157190884,382.23683627627605,0.9487179487179487,0.22152114580133273,9.768907502783266,3.4490467177087387,password,us-west,"['/resource/36', '/resource/46', '/resource/45', '/resource/35', '/resource/27', '/resource/13']",117,usr_00001,user
30.862804878048774,11.287204738152115,0.0858770947152203,0.06011644668797148,189.36129693863367,1714.7394740365294,18.236220661037088,165.13600154974975,0.0,1e-06,0.021895716784541358,1.1267744097266472,0.0,1e-06,6.560975609756097,1.5079833723385758,1.0,1e-06,511.67945253434965,529.1789548845745,0.8292682926829268,0.37858991295610456,8.669679040506503,3.652883720971667,token,us-east,"['/resource/46', '/resource/37', '/resource/57', '/resource/54', '/resource/5', '/resource/56', '/resource/40', '/resource/41', '/resource/13']",82,usr_00003,user
18.22327935222672,6.215899899439862,0.20411970149561606,0.08094083539987283,622.9592969511395,2439.448528838779,476.80301862956765,2692.5877302212853,0.0,1e-06,-0.00233756896609471,0.9118296040230968,0.012145748987854251,0.10975884046911086,4.502024291497976,0.7802151773611946,1.0,1e-06,171.08166022523616,282.1780480354608,0.979757085020243,0.1411161290946409,13.29048352222027,3.495383485353178,token,us-west,"['/resource/41', '/resource/24', '/resource/11', '/resource/30']",247,usr_00004,user
32.36852760736196,11.019887030471619,0.16726689664887381,0.08798163424102064,709.7028814793014,3018.7244441475636,2585.7959355828325,23802.229621310387,0.0,1e-06,-0.02997866438445516,1.0641911560512793,0.006134969325153374,0.07832604499879572,5.07361963190184,0.9785242239700355,1.0,1e-06,258.5097572704499,352.1686524633695,0.9631901840490797,0.18887485412393118,10.584966475278218,3.8891810749994065,certificate,ap-southeast,"['/resource/18', '/resource/45', '/resource/11', '/resource/25', '/resource/30']",163,usr_00005,user
13.49256756756757,4.766670547857324,0.235063940181428,0.08522525925030114,52.76154118214192,453.8719388392495,20.35073522650396,175.06364384184943,0.0,1e-06,0.15144762663873126,1.284211142406379,0.013513513513513514,0.11624763874381931,3.810810810810811,0.8707684478347497,1.0,1e-06,557.9081178806306,573.1354602693342,0.9459459459459459,0.2276678602095179,12.52831824759431,3.3245501712424534,password,us-west,"['/resource/18', '/resource/5', '/resource/14']",74,usr_00006,user
18.347957746478873,6.702276266100805,0.11621393616501557,0.06584308598693293,465.14279926794626,2311.167094392455,186.67078956840626,1049.8866705852456,0.0,1e-06,0.10872521535420915,1.59421591345569,0.014084507042253521,0.1182565724236352,6.007042253521127,1.0618896502968902,1.0,1e-06,296.81023968169006,400.34724407333863,0.9295774647887324,0.2567634704786693,13.587710843985336,3.747308239180811,biometric,us-west,"['/resource/55', '/resource/17', '/resource/36', '/resource/38', '/resource/28', '/resource/60', '/resource/48']",142,usr_00007,user
28.802241379310352,10.069065505295168,0.08622478188115003,0.047388075725642256,373.96460743137976,1987.4197072794655,264.6363614100541,1471.8822451226972,0.0,1e-06,0.02507011526689143,1.0459763963919237,0.02586206896551724,0.15941233908663865,6.810344827586207,1.318192392789382,1.0,1e-06,350.67491313017234,417.73344924388795,0.9051724137931034,0.2942477003230906,13.914578112654404,3.529480455480447,password,ap-southeast,"['/resource/8', '/resource/25', '/resource/56', '/resource/44', '/resource/39', '/resource/28', '/resource/11', '/resource/5', '/resource/51']",116,usr_00008,user
31.857499999999995,11.320132385366446,0.222694383510657,0.16509602525570424,554.5580838917128,2934.445555035933,200.98374314537267,1063.5060038590773,0.0,1e-06,0.20462177050852684,1.5129027462274254,0.0,1e-06,4.714285714285714,1.8024087351866802,1.0,1e-06,1250.834149389881,1199.9785611512193,0.8571428571428571,0.3563483225498991,12.506110720884303,4.114894059115279,password,ap-southeast,"['/resource/49', '/resource/35', '/resource/44']",28,usr_00009,user
42.45172131147541,14.463160079731496,0.07639592064466406,0.03998418827676262,536.9823341504253,2413.052326800353,197.5806426305305,1220.4895892782697,0.0,1e-06,0.043820629461961025,1.0509913744244173,0.03278688524590164,0.17881271561216863,6.860655737704918,1.392515850143434,1.0,1e-06,345.91663079357915,429.84204144671696,0.9016393442622951,0.2990297275244857,8.619751509003477,3.3788327721538685,certificate,sa-east,"['/resource/11', '/resource/50', '/resource/24', '/resource/2', '/resource/32', '/resource/34', '/resource/10', '/resource/49', '/resource/21', '/resource/35']",122,usr_00011,user
44.22830434782608,16.371258289623633,0.23171625159598183,0.09582726583997066,460.24761517293626,2162.1424689989485,942.3672502459065,7740.429317378654,0.0,1e-06,0.12042226544188779,1.0754524156416763,0.02608695652173913,0.15974157980378087,4.1173913043478265,1.03187292044201,1.0,1e-06,183.33347259101447,270.68242096509545,0.9434782608695652,0.23143012179072836,8.726471980468272,3.6443244640844648,token,us-west,"['/resource/47', '/resource/53', '/resource/32']",230,usr_00012,user
19.32712643678161,7.6224359635690995,0.0696926298512264,0.03865048419028241,355.2420892601056,1941.0629328157736,57.52709804094292,392.4387790330313,0.0,1e-06,0.19014019226376075,0.8903381418901459,0.011494252873563218,0.10721125348377945,7.126436781609195,1.6268431243329893,1.0,1e-06,415.114755475862,482.90264560884117,0.8735632183908046,0.33426760276653933,12.47012311807684,3.59760965887648,token,us-west,"['/resource/56', '/resource/28', '/resource/49', '/resource/45', '/resource/35', '/resource/14', '/resource/39', '/resource/34', '/resource/13']",87,usr_00013,user
13.184155844155843,4.351856636645943,0.08073593718533073,0.06826039151645939,1073.8559257682812,3460.0372387132757,1138.0481661271224,5282.268573804284,0.0,1e-06,-0.02674245180227932,0.9078119991521247,0.012987012987012988,0.11396057645963796,6.922077922077922,1.5957693555001988,1.0,1e-06,526.5246779439394,573.6144713647654,0.8571428571428571,0.35222173467283346,9.60356606297457,3.3825061293049177,biometric,ap-south,"['/resource/58', '/resource/22', '/resource/53', '/resource/38', '/resource/1', '/resource/36', '/resource/59', '/resource/5', '/resource/16']",77,usr_00014,user
7.48212389380531,2.8317480881097588,0.08332559374036612,0.06629968258680667,658.3844494095736,2781.9823168323824,999.091278616638,5912.316506037896,0.0,1e-06,0.13369250703025629,1.2596815776118355,0.035398230088495575,0.18560728221469427,6.964601769911504,1.5348871732605287,1.0,1e-06,367.96694283657814,441.19201340422194,0.8938053097345132,0.30945897080939844,9.947771542003592,3.799293090866963,token,us-east,"['/resource/54', '/resource/27', '/resource/37', '/resource/32', '/resource/14', '/resource/9', '/resource/43', '/resource/52', '/resource/16', '/resource/35']",113,usr_00015,user
11.04126582278481,4.421971183350367,0.09979253527335565,0.08580693003320936,361.14752807326784,1808.5492756469093,63.51171362446287,303.0646641956256,0.0,1e-06,-0.1184222183030329,1.1597108774888503,0.0,1e-06,6.050632911392405,1.5681013685281562,1.0,1e-06,508.46326026371304,616.5003915776882,0.8734177215189873,0.3346290946166706,9.66508395674224,3.433860614799388,token,ap-south,"['/resource/26', '/resource/42', '/resource/4', '/resource/57', '/resource/44', '/resource/52', '/resource/59', '/resource/47']",79,usr_00016,user
5.778387096774194,2.3651883325704426,0.15754431500799526,0.07027940727296728,921.4367054548234,3380.449806428217,321.83690354859215,1545.0272253892927,0.0,1e-06,-0.058729705762470906,1.2056219132702028,0.010752688172043012,0.10369516947304255,4.838709677419355,0.9003661402650396,1.0,1e-06,452.95675941182793,513.2725971969662,0.9354838709677419,0.2470016552005456,9.056925901400971,3.4475296563104294,biometric,ap-south,"['/resource/56', '/resource/52', '/resource/55', '/resource/29', '/resource/16']",93,usr_00017,user
4.2954687499999995,1.6203566533498477,0.1436302612509,0.06453216284808236,626.718280813622,2627.168277026537,993.2949182648168,6127.602108628729,0.0,1e-06,0.11157570695737049,1.1309657740391947,0.0390625,0.1945049743306584,5.265625,0.991970718071764,1.0,1e-06,329.09530780911456,402.6387073496317,0.9453125,0.22826265262341355,13.638134139591271,3.348979104592705,password,us-east,"['/resource/26', '/resource/4', '/resource/31', '/resource/32', '/resource/14']",128,usr_00018,user
6.367346938775511,2.057996371383062,0.08836913199126398,0.08030374948606953,885.3039686130622,3000.1715859235087,1190.292007188546,7538.742269932313,0.0,1e-06,0.1011779276065977,1.2479373851575863,0.0,1e-06,6.285714285714286,1.5,1.0,1e-06,753.6878676996599,797.1905187047555,0.7959183673469388,0.4072055089639778,13.749814067003893,3.329385014009778,token,eu-west,"['/resource/48', '/resource/13', '/resource/10', '/resource/54', '/resource/56', '/resource/4', '/resource/38', '/resource/14']",49,usr_00019,user
20.180467836257307,6.410241787939185,0.11759982312464108,0.05539608621600032,851.3800248193158,3450.042901341015,1223.4664698008346,8810.592929329681,0.0,1e-06,0.6278317003568809,0.7945483072674544,0.029239766081871343,0.16897269479364802,5.60233918128655,1.4531083606561273,1.0,1e-06,210.30821948674463,300.9300929882483,0.9649122807017544,0.1845419398244734,10.064627102321992,3.536550652062166,biometric,ap-southeast,"['/resource/58', '/resource/55', '/resource/44', '/resource/12', '/resource/5']",171,usr_00020,user
40.66104166666667,12.278890073823264,0.24760125038606962,0.12733340576566912,0.0,1e-06,0.0,1e-06,0.0,1e-06,0.07640329959173382,0.673568123339884,0.0,1e-06,4.125,1.538512683274254,1.0,1e-06,769.5456891708333,723.612209777826,0.9166666666666666,0.279310193865464,13.001433880312042,3.27712564465725,password,us-west,"['/resource/43', '/resource/27', '/resource/37']",48,usr_00021,user
30.20372549019608,8.861366928591618,0.10887293209193455,0.07525618096935796,677.5104698202009,2345.4978009030683,51.35096727369453,213.47742691676712,0.0,1e-06,0.08921592145030922,0.9859478223727222,0.0196078431372549,0.14002800840280097,5.529411764705882,1.4608619534572127,1.0,1e-06,778.1077266575163,899.8637421607299,0.8431372549019608,0.3672900227127246,13.938776622527712,3.2746790272756368,token,us-west,"['/resource/49', '/resource/20', '/resource/43', '/resource/21', '/resource/1', '/resource/42']",51,usr_00022,user
30.318983050847457,11.367793491768978,0.0864330220375504,0.09537302049394016,66.1754923301441,506.12670243587223,98.21059689590018,972.1707184774434,0.0,1e-06,-0.04030987225327834,1.0886811979541313,0.025423728813559324,0.15807952162954778,6.694915254237288,1.5771253443309863,1.0,1e-06,358.54055519406785,425.41084772875405,0.8983050847457628,0.30353559073973385,9.015587898357847,3.910025503210556,token,us-east,"['/resource/24', '/resource/35', '/resource/57', '/resource/46', '/resource/19', '/resource/5', '/resource/11', '/resource/9', '/resource/20', '/resource/29']",118,usr_00023,user
10.194296875,3.72505386180871,0.08951734253652609,0.05355742370601342,1174.0639216655923,3796.9698011735595,680.8200885885673,3751.161697663695,0.0,1e-06,0.03836229058026982,1.130841628911077,0.046875,0.21220162006698987,6.7109375,1.3524683980472652,1.0,1e-06,325.75707137304687,401.814493913475,0.9140625,0.2813730045980521,13.046352220386044,3.41968827727979,password,ap-southeast,"['/resource/9', '/resource/1', '/resource/54', '/resource/59', '/resource/3', '/resource/28', '/resource/6', '/resource/18']",128,usr_00025,user
39.13861386138614,12.233062824142037,0.25227187573985804,0.11747393270288224,801.1870975761575,3244.983600169637,7093.746316573281,64344.42847398245,0.0,1e-06,0.01549301804499182,1.2470835729080572,0.04950495049504951,0.2180017258538279,3.772277227722772,0.5810540098615943,1.0,1e-06,415.4139610016502,486.0227507682194,0.9603960396039604,0.19599959587753854,9.31547337799044,3.6427259475966887,token,ap-southeast,"['/resource/57', '/resource/58', '/resource/10']",101,usr_00026,user
31.832592592592594,11.07296242856646,0.15786946990954284,0.07938997048427045,316.9196930941324,2004.219533075399,63.76853865403588,509.0677564573719,0.0,1e-06,0.11046391096889223,1.2815456147552526,0.037037037037037035,0.19002923751652298,5.08641975308642,1.051160440468028,1.0,1e-06,513.952960007819,540.1493491449315,0.9259259259259259,0.263523138347365,10.279145542037636,3.4174924355790033,token,ap-south,"['/resource/58', '/resource/23', '/resource/24', '/resource/56', '/resource/51']",81,usr_00027,user
33.47273972602739,12.711561039318365,0.09159526429884901,0.0660697545891577,798.8266064159458,3348.2173823274657,103.33386038895276,509.7922590154772,0.0,1e-06,-0.26908760742296406,0.9107127045072982,0.0136986301369863,0.11704114719613055,6.328767123287672,1.607748551032951,1.0,1e-06,559.3329616856164,645.3004690809285,0.863013698630137,0.34621238235890717,12.703819890019561,3.4463356575552946,password,ap-southeast,"['/resource/16', '/resource/56', '/resource/54', '/resource/27', '/resource/58', '/resource/52', '/resource/2', '/resource/12']",73,usr_00028,user
27.894489795918364,10.639989935121294,0.25059396213511914,0.09332185136847801,341.5416040221171,1738.5639637986153,63.82039967622866,422.8112532796959,0.0,1e-06,-0.06939279894642587,1.1486380431508278,0.05102040816326531,0.22117068930131145,3.683673469387755,0.5486053315493152,1.0,1e-06,430.678988582483,559.0024139121589,0.9591836734693877,0.19888178879993873,9.203126110762735,2.925327160887231,password,eu-west,"['/resource/17', '/resource/3', '/resource/38']",98,usr_00031,user
18.81054794520548,7.3795874414967875,0.09138140814052423,0.07901875409404416,822.9264607078629,2886.396503136296,246.83149624486953,1037.2969002287875,0.0,1e-06,0.1298979167108131,1.1454146731012178,0.0273972602739726,0.16436770598316272,6.013698630136986,1.3993366551982518,1.0,1e-06,546.3188058378995,584.8591132641965,0.8356164383561644,0.37318816486149997,10.53545333270231,3.59901775761866,password,ap-south,"['/resource/28', '/resource/58', '/resource/34', '/resource/44', '/resource/47', '/resource/3', '/resource/35', '/resource/13', '/resource/37']",73,usr_00032,user
27.101868131868127,9.400233030153494,0.10233511287058492,0.045716519042674764,786.4581696878995,3217.8852183997733,3326.687302932387,35347.48913087087,0.0,1e-06,0.004057352422283895,1.0798639412002178,0.02197802197802198,0.14701613983046707,6.527472527472527,1.2643925831060012,1.0,1e-06,225.03659164029304,336.2906327070545,0.9505494505494505,0.21740489830343354,12.564424769108047,3.5299107562416054,password,ap-southeast,"['/resource/47', '/resource/58', '/resource/27', '/resource/33', '/resource/43', '/resource/59', '/resource/20']",182,usr_00033,user
21.338743455497383,7.344764300051582,0.16475437045892197,0.06598433211438921,452.0841385473985,2397.2233454245925,111.85126202013706,659.1855471021206,0.0,1e-06,0.21832059652842442,1.0290517406581894,0.010471204188481676,0.10205926017510449,5.43455497382199,1.0076860861785095,1.0,1e-06,196.42767256893544,284.54430864077,0.9685863874345549,0.1748912191922879,9.89722066907908,3.5460634906904946,token,sa-east,"['/resource/19', '/resource/1', '/resource/54', '/resource/20', '/resource/26']",191,usr_00034,user
8.014134078212292,2.7311035560021213,0.0951523216185219,0.08499992011557528,1022.3435938009266,3213.0425209764207,1954.655045534002,8819.979031534609,0.0,1e-06,0.0264815162905807,1.0489548946009657,0.0335195530726257,0.18049374668685222,6.826815642458101,1.4174500068789477,1.0,1e-06,232.04452444618246,331.6433887572519,0.9050279329608939,0.2939987279298246,13.31945304927433,3.529773021808925,biometric,ap-south,"['/resource/43', '/resource/11', '/resource/58', '/resource/54', '/resource/51', '/resource/33', '/resource/6', '/resource/60', '/resource/31']",179,usr_00035,user
19.478245614035085,8.477812454284717,0.11857023956267919,0.08219866057261503,862.985273294602,2826.9981757597466,104.61222098361219,387.03401674161114,0.0,1e-06,0.10015782308737411,0.9584196201199118,0.0,1e-06,5.666666666666667,1.2863754913562,1.0,1e-06,727.7435557230995,965.3915848581153,0.8596491228070176,0.3504383220252313,13.451786724081584,3.9872589476297695,token,sa-east,"['/resource/40', '/resource/10', '/resource/50', '/resource/16', '/resource/31', '/resource/5']",57,usr_00036,user
11.22988888888889,3.6094832941069215,0.09735577473280431,0.05607446556746349,388.5387357357222,2177.83928809065,575.8501806433178,5020.129162946199,0.0,1e-06,-0.06063320547233395,0.9312587935898922,0.0,1e-06,6.511111111111111,1.2741548813519137,1.0,1e-06,449.29121676500006,573.3977384124967,0.8888888888888888,0.31603030875998483,10.114749861091145,3.4438183330954266,biometric,sa-east,"['/resource/7', '/resource/10', '/resource/45', '/resource/28', '/resource/54', '/resource/16', '/resource/50', '/resource/49']",90,usr_00037,user
35.445820895522395,13.402604693621914,0.2635203106450912,0.1546112857540238,897.0744407731768,2923.566782112289,705.1255683640273,4359.830417918012,0.0,1e-06,0.18725154510756015,0.8694989882509965,0.029850746268656716,0.17145979772029107,3.5522388059701493,1.1842857723507836,1.0,1e-06,612.8084213201494,700.4788556867354,0.9402985074626866,0.23872115183006282,9.791754531148193,3.8069869084623336,token,ap-south,"['/resource/8', '/resource/55', '/resource/30']",67,usr_00038,user
39.976979166666666,12.429925106247817,0.1286158993517278,0.11490182768537585,1440.819080914043,4283.900664589399,3333.53052883967,21022.93992230019,0.0,1e-06,-0.09427657645749439,1.068760629033725,0.041666666666666664,0.20087527770480484,5.6875,1.2921829754741636,1.0,1e-06,442.8307211666667,531.6670771220804,0.90625,0.2930106877878258,10.501745782872892,3.736132376880842,password,ap-southeast,"['/resource/48', '/resource/59', '/resource/17', '/resource/11', '/resource/36', '/resource/54']",96,usr_00039,user
9.754054054054054,3.2787959955952966,0.13894590814852767,0.06277344983986981,144.19836764105315,1197.1245100921578,23.10901480300478,188.3537588461113,0.0,1e-06,-0.0264437902553719,1.1276844619419073,0.033783783783783786,0.18128567828212863,5.418918918918919,0.9898361955704632,1.0,1e-06,272.86954302849097,371.4493379243203,0.9527027027027027,0.21299482474181236,9.385773270969764,3.135713066504291,password,ap-south,"['/resource/5', '/resource/21', '/resource/18', '/resource/22', '/resource/19', '/resource/16']",148,usr_00040,user
20.551614349775786,7.134866368955779,0.14145731316388147,0.05096380283563934,667.2750785408258,2685.1045416867223,732.5738994276514,3620.9827344323253,0.0,1e-06,-0.12293374750055718,1.0138823069841578,0.04035874439461883,0.1972419205626562,5.125560538116592,0.9503065056348723,1.0,1e-06,189.82485254327355,295.8935884685593,0.968609865470852,0.1747619881863522,14.33458857010374,3.36244028694673,token,sa-east,"['/resource/27', '/resource/22', '/resource/4', '/resource/35', '/resource/30', '/resource/14']",223,usr_00041,user
24.289635036496353,9.009855503244859,0.09974382938488377,0.09288578318022701,1598.2713290752652,4293.149145202978,2202.2355107207345,9734.440826617216,0.0,1e-06,0.1403159201595121,1.054746492899554,0.014598540145985401,0.1203793916707907,7.021897810218978,1.4321269316314085,1.0,1e-06,295.1354467737226,391.90423313102457,0.927007299270073,0.2610791094992419,9.504972729306758,3.427681730285081,password,ap-southeast,"['/resource/48', '/resource/49', '/resource/52', '/resource/55', '/resource/35', '/resource/25', '/resource/54', '/resource/23']",137,usr_00042,user
6.993333333333332,2.645685432099306,0.09922404452808867,0.06404188257315037,829.3186047882238,3129.034800422988,604.4014118509892,4523.941688430675,0.0,1e-06,0.09849453790729439,0.9589507250628068,0.03571428571428571,0.18669145807013007,6.511904761904762,1.3397900178853563,1.0,1e-06,489.083598022619,605.0989380808577,0.8809523809523809,0.3257895656380053,9.038744752209627,3.208281007008926,password,us-east,"['/resource/2', '/resource/38', '/resource/54', '/resource/11', '/resource/26', '/resource/35', '/resource/47']",84,usr_00043,user
15.794999999999996,5.936946201374895,0.23765849611901851,0.07543387561452089,407.39777203546436,2026.4742554398035,576.9835257713459,4258.958570813955,0.0,1e-06,0.08886283426695403,1.0976647423727535,0.0,1e-06,3.803921568627451,0.48826254271579883,1.0,1e-06,415.43885070915036,508.86492464037207,0.9607843137254902,0.19506630644455333,13.867874048037166,3.2114945162738473,biometric,us-west,"['/resource/14', '/resource/30', '/resource/22']",102,usr_00044,user
36.47118421052632,12.780407151632991,0.19604436647458287,0.05153882183807845,935.4754058597166,2878.154859283061,1606.864904292121,11762.133339621376,0.0,1e-06,0.05592910205107464,1.0201627305544096,0.008771929824561403,0.09345205702336433,4.390350877192983,0.6841785708946706,1.0,1e-06,186.77458458201752,267.3061545776322,0.9780701754385965,0.14677668730003024,9.039134183623355,3.647732863287911,token,eu-west,"['/resource/15', '/resource/23', '/resource/35', '/resource/48']",228,usr_00045,user
32.03025641025641,11.646866639568511,0.13831788742466808,0.05607484821176928,791.0933219358327,3050.321489218377,1016.1917346395518,5758.861588159242,0.0,1e-06,0.06432435421933119,1.09294775108457,0.0,1e-06,5.6239316239316235,1.0806008523876711,1.0,1e-06,364.54171350156696,523.9173385005874,0.9401709401709402,0.23818995211002797,13.978006642027514,3.496348532439571,token,us-west,"['/resource/8', '/resource/43', '/resource/31', '/resource/9', '/resource/37']",117,usr_00046,user
20.79865168539326,7.042182188751651,0.22285244252062342,0.15526009453147524,0.0,1e-06,0.0,1e-06,0.0,1e-06,-0.043556431305933924,0.8734397299080661,0.02247191011235955,0.14905216367918436,4.022471910112359,0.9883127045843846,1.0,1e-06,469.0627297382023,573.87881104112,0.9438202247191011,0.23157320469295906,13.88126909225063,3.5117701402911297,token,ap-southeast,"['/resource/2', '/resource/20', '/resource/38', '/resource/60']",89,usr_00047,user
18.91805194805195,6.541723384504358,0.1541799788249991,0.09201247944070938,939.0659275267182,3297.6150897394386,557.4568925214487,2865.468583035553,0.0,1e-06,-0.12427053425999877,1.2831180258671402,0.0,1e-06,4.753246753246753,1.0656829309716467,1.0,1e-06,520.414828615368,543.9670201917452,0.9090909090909091,0.2893649208460969,8.389294599425929,3.3979107594177016,password,ap-southeast,"['/resource/51', '/resource/39', '/resource/55', '/resource/37', '/resource/52']",77,usr_00048,user
10.61032786885246,3.853860130848359,0.0756545684109905,0.04268411177390056,516.8364952761062,2356.8392247353913,434.3842028454768,3254.5583524128697,0.0,1e-06,-0.009756836631344877,1.081595431194082,0.03278688524590164,0.17881271561216866,6.795081967213115,1.6105977771738726,1.0,1e-06,345.0451363521858,441.81938545249744,0.9016393442622951,0.2990297275244857,13.484356164978703,3.6590279946522704,token,us-east,"['/resource/10', '/resource/53', '/resource/24', '/resource/46', '/resource/55', '/resource/7', '/resource/28', '/resource/27', '/resource/1', '/resource/32']",122,usr_00049,user
25.958181818181817,9.739492153730984,0.07794376404137583,0.055140932413939185,0.0,1e-06,0.0,1e-06,0.0,1e-06,-0.2281305365053478,1.389588634950467,0.0,1e-06,6.651515151515151,1.4303568596405394,1.0,1e-06,640.4899267696969,582.4710760075965,0.8181818181818182,0.38865016537877745,13.620783479088274,3.5126685342663237,token,ap-southeast,"['/resource/54', '/resource/28', '/resource/49', '/resource/18', '/resource/53', '/resource/38', '/resource/21', '/resource/16', '/resource/56']",66,usr_00050,user
24.703913043478263,7.771886593847178,0.08112192661851664,0.0518926810585866,0.0,1e-06,0.0,1e-06,0.0,1e-06,-0.10792505866565409,1.4889404328704596,0.028985507246376812,0.16899482177531736,6.318840579710145,1.4193282754962606,1.0,1e-06,548.946194472947,594.4453761203332,0.8405797101449275,0.36874941299243813,8.055767340882829,3.499981003319403,password,us-east,"['/resource/23', '/resource/17', '/resource/22', '/resource/32', '/resource/36', '/resource/52', '/resource/54', '/resource/39']",69,usr_00051,user
20.619640718562874,6.821482092802736,0.09536119690156054,0.0496522175192843,462.00135697024825,2281.28674075895,808.6284148220684,9205.367878310652,0.0,1e-06,-0.007019930828688207,1.0326094735941505,0.011976047904191617,0.10910500922184506,6.473053892215569,1.264979504846044,1.0,1e-06,243.05960075439123,327.8317507383134,0.9401197604790419,0.2379784034545691,10.00468650487522,3.5075522073131387,password,sa-east,"['/resource/2', '/resource/51', '/resource/46', '/resource/29', '/resource/42', '/resource/19', '/resource/32', '/resource/6']",167,usr_00052,user
33.96007575757576,11.807961895109349,0.09974766847893037,0.07214577756850739,811.5676051831102,2522.5137896322576,1900.092163867322,9368.7383868043,0.0,1e-06,0.0373187343521659,0.9530150427712016,0.022727272727272728,0.14960043938525358,6.356060606060606,1.4256782275508757,1.0,1e-06,322.02489234280307,404.3514992836658,0.9166666666666666,0.27743829976792506,8.733244378077023,3.3817603523248483,password,eu-west,"['/resource/23', '/resource/17', '/resource/45', '/resource/15', '/resource/20', '/resource/48', '/resource/30', '/resource/28', '/resource/36']",132,usr_00053,user
43.11392857142857,14.531647126567181,0.15928672577924785,0.07104441190977516,866.0413576320394,3013.6612611269798,10447.116031382637,106203.16258357155,0.0,1e-06,0.015096863205781078,1.0721110502953826,0.026785714285714284,0.16218227031056381,5.098214285714286,0.9392331684192934,1.0,1e-06,369.2313975940477,481.8984382843743,0.9464285714285714,0.22618200891826293,12.831272985069088,3.4658715364739425,certificate,sa-east,"['/resource/48', '/resource/31', '/resource/38', '/resource/18', '/resource/49']",112,usr_00054,user
19.110142857142858,7.007588535348329,0.11302141229419527,0.07907387956620691,779.2777829074126,2835.6801266058337,144.91671194931524,710.9498357306447,0.0,1e-06,0.10484281699355016,0.9491078554738225,0.0,1e-06,6.0,1.318760946791574,1.0,1e-06,572.5600208183334,631.7334782110623,0.8857142857142857,0.3204551628343091,8.63210651290645,3.336161220585217,password,us-east,"['/resource/8', '/resource/4', '/resource/31', '/resource/12', '/resource/53', '/resource/17', '/resource/29']",70,usr_00056,user
35.60697916666667,12.37708188716818,0.16046726451562324,0.10394310222489672,1762.0687504696864,4259.863212025549,762.7188886050312,2992.0314830224775,0.0,1e-06,0.016500136292354722,1.1545803473397904,0.020833333333333332,0.14357588616379596,5.489583333333333,1.2565180935021372,1.0,1e-06,389.9502607010416,452.4156702787853,0.9375,0.2433321316961438,9.868311953813462,3.6101179462090824,password,us-west,"['/resource/49', '/resource/27', '/resource/36', '/resource/8']",96,usr_00057,user
14.082204724409447,4.518291732499962,0.08463567782918476,0.0930295143723458,522.809020205293,2207.009874603062,367.06385249839946,2462.1872425167,0.0,1e-06,0.3846143589660754,0.9055354668367827,0.007874015748031496,0.08873565094161139,6.677165354330708,1.3085912076089388,1.0,1e-06,317.0204722742782,393.0814646504771,0.9212598425196851,0.2703994462225012,10.725367882147657,3.58232801026763,token,eu-west,"['/resource/48', '/resource/41', '/resource/56', '/resource/49', '/resource/7', '/resource/43', '/resource/17', '/resource/14']",127,usr_00058,user
42.287345132743376,14.425977561435278,0.10234555823893532,0.05505910695385056,304.8381006033479,1457.5913299639687,233.9495407961485,1688.1189423806707,0.0,1e-06,0.1140470044121056,1.095227189308828,0.0,1e-06,5.911504424778761,1.2215148829855682,1.0,1e-06,372.2798853725664,481.70864003450197,0.911504424778761,0.28527937822590826,9.899615513822269,3.2119957808321797,token,us-east,"['/resource/15', '/resource/44', '/resource/57', '/resource/30', '/resource/5', '/resource/19', '/resource/45']",113,usr_00059,user
6.0796875,2.24055794372597,0.1248750279015295,0.11105558873566579,0.0,1e-06,0.0,1e-06,0.0,1e-06,0.008522508503860042,1.0926981983539152,0.0,1e-06,4.375,1.0701220913160239,1.0,1e-06,1265.3607790828125,1615.267394173949,0.78125,0.42001344064515445,7.480047915978689,3.1569389596727144,token,sa-east,"['/resource/10', '/resource/53', '/resource/42', '/resource/15', '/resource/57', '/resource/18']",32,usr_00060,user
20.754418604651168,7.300173503925403,0.13213880555055454,0.08629870260807697,320.2992138100658,2087.950895182262,1664.6200262394714,15093.557268905195,0.0,1e-06,0.009075093328792772,1.0915233772218704,0.023255813953488372,0.15159886590034527,5.5,1.2151010609143975,1.0,1e-06,489.2324632523256,554.407991823457,0.9069767441860465,0.29216864496359496,13.662869322440569,3.4646384459453023,token,sa-east,"['/resource/59', '/resource/33', '/resource/30', '/resource/20', '/resource/45', '/resource/18']",86,usr_00061,user
27.933333333333337,9.429768050710267,0.11481209685090021,0.08252895476960458,0.0,1e-06,0.0,1e-06,0.0,1e-06,0.02131041758161187,1.0009104858603282,0.014492753623188406,0.12038585308576918,5.855072463768116,1.3961645183569307,1.0,1e-06,603.329733010628,760.9735641878673,0.8695652173913043,0.3392484547739255,13.491114720505411,3.638582597001192,token,sa-east,"['/resource/6', '/resource/15', '/resource/60', '/resource/54', '/resource/38', '/resource/37', '/resource/44']",69,usr_00062,user
17.2625,5.644656174943991,0.08523173777316984,0.048075563090867766,1301.9910582951413,3598.3223827264546,1305.8613925090367,7611.967184904358,0.0,1e-06,-0.027552878514932103,0.9581679980353118,0.029411764705882353,0.16958233968972275,6.632352941176471,1.418443714359544,1.0,1e-06,307.1406623159314,397.3794164464179,0.9191176470588235,0.2736623239288273,13.255062843273143,3.685117055100251,password,ap-south,"['/resource/32', '/resource/27', '/resource/28', '/resource/41', '/resource/59', '/resource/53', '/resource/31', '/resource/18', '/resource/23']",136,usr_00063,user
17.51930693069307,5.6166543880544655,0.0927250593778817,0.04601625665642012,528.1688794580173,2143.974553996961,185.3007527788387,1128.2053951278895,0.0,1e-06,0.09541273225100375,0.9846338498962335,0.019801980198019802,0.14001414355714067,6.554455445544554,1.1530416083104067,1.0,1e-06,413.9906289346535,515.099695689715,0.900990099009901,0.30016497114252044,13.311470878223098,3.8941872995409126,biometric,eu-west,"['/resource/19', '/resource/26', '/resource/36', '/resource/49', '/resource/3', '/resource/6', '/resource/21', '/resource/43']",101,usr_00064,user
29.60520408163265,9.53290105556755,0.23452269544558307,0.06792625400120508,1060.354562319611,3853.4885832275245,2226.1394388232375,11865.90159059815,0.0,1e-06,-0.19831425612177755,1.1848731279497806,0.02040816326530612,0.142118858106802,3.877551020408163,0.6464065000829304,1.0,1e-06,432.4467059709183,466.40891918045037,0.9591836734693877,0.19888178879993873,12.438648562111574,3.6632703106615216,password,ap-southeast,"['/resource/13', '/resource/34', '/resource/4']",98,usr_00065,user
40.400000000000006,18.990888662037726,0.10921266762863065,0.0751759349273951,646.9844312069984,3169.5634559639025,25.329440931164754,124.08841150264092,0.0,1e-06,0.08662993825094312,1.206989225070918,0.0,1e-06,4.666666666666667,1.3405601251996726,1.0,1e-06,1729.656273259722,1771.8745199822158,0.75,0.4423258684646914,8.39101974159131,2.6069461548343154,token,us-east,"['/resource/57', '/resource/60', '/resource/19', '/resource/32', '/resource/29']",24,usr_00066,user
42.2897,14.52107951958605,0.16987990308514037,0.1124419571616912,360.4846203415859,1796.3411224828685,639.6508015020272,6157.557670613416,0.0,1e-06,-0.11756567544469339,2.263651127204428,0.0,1e-06,4.81,0.9395356686828193,1.0,1e-06,421.85817969666675,485.88242231106796,0.94,0.23868325657594203,14.330690029618744,3.450801448169445,token,sa-east,"['/resource/6', '/resource/15', '/resource/36', '/resource/27', '/resource/54']",100,usr_00067,user
12.109107142857143,4.801676425262483,0.1350801689599578,0.07783988830755185,1636.8911497655656,3936.0310764203123,3641.168404386796,33301.48767019586,0.0,1e-06,0.184538894031227,1.0093898390114748,0.03571428571428571,0.18641092980036006,5.553571428571429,1.0208571360133074,1.0,1e-06,376.90768898184524,483.92411896959834,0.9285714285714286,0.258696862996185,14.09527086393565,3.23639951843338,token,ap-south,"['/resource/54', '/resource/30', '/resource/27', '/resource/31', '/resource/36', '/resource/16']",112,usr_00068,user
37.78820512820513,13.908998091598399,0.1250679604625494,0.04168932036017197,425.42485539629837,2097.8286971160555,779.0471378615442,5749.7490102802585,0.0,1e-06,-0.04222266944864365,0.9894935910121014,0.011396011396011397,0.10629360892514327,5.886039886039886,0.9789813881808778,1.0,1e-06,121.4585257462963,210.48517686262787,0.9772079772079773,0.14945294355141467,13.332851834875777,3.510421337588252,token,us-east,"['/resource/19', '/resource/33', '/resource/60', '/resource/47', '/resource/1', '/resource/53']",351,usr_00069,user
13.561980198019802,4.9887256929604735,0.10149275738390609,0.08211689134251257,954.1761467361309,3276.2318271893705,382.2499712103764,1663.0266273346654,0.0,1e-06,-0.07613547270705243,1.006324252824421,0.0,1e-06,6.475247524752476,1.4669291694280306,1.0,1e-06,417.27181703201325,579.7800698984084,0.8910891089108911,0.31308114280518085,14.147757800126454,3.161584675636762,token,us-west,"['/resource/36', '/resource/45', '/resource/25', '/resource/35', '/resource/49', '/resource/16', '/resource/23', '/resource/22']",101,usr_00070,user
40.75426229508197,13.020965542776384,0.058914273397378585,0.04279213742603112,856.7920609106993,2558.2007659935516,804.5085829414282,5307.360539485923,0.0,1e-06,0.7939688800617707,0.7380491406072268,0.02459016393442623,0.15551114089921197,6.827868852459017,1.4182553765936123,1.0,1e-06,336.03433847609296,450.7461781386313,0.9262295081967213,0.2624749586445508,12.806976045485097,3.4214386341969703,certificate,eu-west,"['/resource/32', '/resource/25', '/resource/43', '/resource/53', '/resource/42', '/resource/10', '/resource/38', '/resource/3', '/resource/33']",122,usr_00071,user
33.71458064516129,12.733117737734132,0.11295986519605405,0.08718354753586299,810.2854395174021,3037.9913044969585,3614.4753575117134,26012.389373631733,0.0,1e-06,0.18164864186560567,1.0005569062862418,0.01935483870967742,0.13821532899064884,6.290322580645161,1.2112446208878125,1.0,1e-06,271.53503535322574,358.5412490527962,0.9419354838709677,0.23462348055730228,9.324720711079559,3.877102280574536,password,ap-south,"['/resource/40', '/resource/35', '/resource/56', '/resource/16', '/resource/3', '/resource/19', '/resource/5']",155,usr_00073,user
36.35247706422019,12.809747775639783,0.1918077214073729,0.0464522929110756,312.8880575595778,1972.9068821372327,353.629261488873,3597.3921767116394,0.0,1e-06,-0.02747308052982154,1.0310818917253004,0.01834862385321101,0.1345174941869537,4.628440366972477,0.688629406546914,1.0,1e-06,192.59206310558105,294.61268152956285,0.9770642201834863,0.15004332862562503,13.417540718424373,3.4694194399739136,password,sa-east,"['/resource/58', '/resource/20', '/resource/3', '/resource/45']",218,usr_00074,user
30.44177777777778,10.093939065527682,0.14341312736383435,0.08904735859265585,984.0472826137726,3423.7489851016917,197.0613728552777,1020.5671536618255,0.0,1e-06,0.1760157626270982,1.4145055324647273,0.022222222222222223,0.14907119849998599,5.266666666666667,1.232145209860355,1.0,1e-06,875.2138106829627,1047.900021701218,0.8666666666666667,0.3437758254761643,8.336367681274078,3.3125589913885674,password,ap-south,"['/resource/51', '/resource/11', '/resource/12', '/resource/57', '/resource/37']",45,usr_00075,user
39.05392156862745,15.168234713167037,0.1655924712137479,0.10719635440602295,1013.4100440304757,3343.3091599113754,305.3827933230047,1553.8700083549272,0.0,1e-06,-0.131399515714196,0.9690940714214588,0.0,1e-06,4.529411764705882,1.0460007873127168,1.0,1e-06,802.802865196732,801.0439050938633,0.8823529411764706,0.32539568672798425,14.06168830960193,4.056624365489019,token,ap-south,"['/resource/43', '/resource/17', '/resource/41', '/resource/30']",51,usr_00076,user
39.74803921568627,16.393019586603433,0.1037603588649118,0.05712131045614925,697.3957072277157,2808.860310120758,186.75151239124935,1152.1209487796073,0.0,1e-06,0.0314684312494386,1.1009007402989806,0.0196078431372549,0.13933307603182382,6.0588235294117645,1.1758588974735098,1.0,1e-06,410.8833133249999,450.18889881727495,0.9019607843137255,0.2988361556971545,9.334189183242934,3.226619146470217,token,ap-southeast,"['/resource/47', '/resource/17', '/resource/58', '/resource/44', '/resource/43', '/resource/40', '/resource/50']",102,usr_00079,user
16.41,5.722094805708591,0.22994374588783728,0.08830372453335332,588.729299908101,2660.762590484238,2424.003182047753,18407.481951223,0.0,1e-06,-0.030403186940069427,1.1379378406968923,0.03389830508474576,0.18252082497293798,4.0,0.8094272134003795,1.0,1e-06,628.5904642451976,683.0243597466318,0.9322033898305084,0.2535545088414485,13.481024475327661,3.240342663142753,password,ap-south,"['/resource/6', '/resource/59', '/resource/9']",59,usr_00080,user
34.606623376623375,13.189919465461653,0.08018178941980467,0.03513840704311325,476.4983564603322,2234.7587761296445,524.2270967364465,3635.588774423516,0.0,1e-06,-0.05804186133413046,1.012381150964509,0.012987012987012988,0.11346401385152842,6.64935064935065,1.209738388171093,1.0,1e-06,183.36364548405484,285.68230458190493,0.9264069264069265,0.2616745219353179,9.735533643314481,3.453827589505901,password,us-west,"['/resource/19', '/resource/11', '/resource/48', '/resource/53', '/resource/5', '/resource/31', '/resource/54', '/resource/8', '/resource/30', '/resource/22']",231,usr_00081,user
29.691249999999997,11.683775457760579,0.1453438146054243,0.14739030083216412,159.0747464619782,1096.2862890988652,122.73892588138229,960.72553807213,0.0,1e-06,0.06754067870924924,0.8620938087148481,0.020833333333333332,0.14357588616379596,5.25,1.2139539573337679,1.0,1e-06,440.54135299236106,538.4281125005391,0.8958333333333334,0.3070801941090228,9.432345820195017,3.294719265926667,password,us-east,"['/resource/36', '/resource/21', '/resource/57', '/resource/60', '/resource/42', '/resource/40']",96,usr_00083,user
19.732201257861636,6.655552516584258,0.10097631387047963,0.05652221672883501,683.3010871171209,2742.5766353693825,437.14779049875074,2320.2768881442125,0.0,1e-06,-0.08318764580167132,1.0438808801444917,0.025157232704402517,0.15709730656189647,6.679245283018868,1.4021717094373987,1.0,1e-06,252.94353501572328,336.59980269874336,0.9371069182389937,0.24353760376070455,13.38514002381024,3.615563703438129,biometric,sa-east,"['/resource/8', '/resource/60', '/resource/16', '/resource/20', '/resource/35', '/resource/3', '/resource/9', '/resource/32']",159,usr_00084,user
12.488444444444445,4.338717319646208,0.17235556170592747,0.16052716145710666,0.0,1e-06,0.0,1e-06,0.0,1e-06,0.02507023519385183,0.8910949426698448,0.0,1e-06,4.911111111111111,1.2581050364847453,1.0,1e-06,922.1292286225926,934.3928449463622,0.8666666666666667,0.3437758254761643,13.600237313571963,3.5007678814676724,password,ap-south,"['/resource/54', '/resource/32', '/resource/18', '/resource/3']",45,usr_00085,user
6.765378151260505,2.7453652129361483,0.12026058516925188,0.10418844020225711,489.88185873394445,2505.0717328901824,168.28065344806578,1016.7524816212878,0.0,1e-06,0.33699798956271526,0.9561822128555024,0.01680672268907563,0.12909025073869204,5.8655462184873945,1.7169364209816291,1.0,1e-06,307.27014264579833,421.4488243679525,0.9411764705882353,0.23628902321631967,9.43608723451503,3.3863462145119603,token,us-east,"['/resource/51', '/resource/59', '/resource/9', '/resource/22', '/resource/37', '/resource/16']",119,usr_00087,user
25.93808695652174,8.099380948366251,0.13702905457454428,0.06807633716533142,1223.8366016184218,4024.4238976390275,1501.2255029140983,9399.550713262073,0.0,1e-06,0.014205854676313178,1.2617399011618096,0.008695652173913044,0.09325048082403135,5.173913043478261,1.0617832531090143,1.0,1e-06,365.49540415420284,464.0523033482233,0.9217391304347826,0.26975707352826817,10.380059483443812,3.2349053646600647,token,ap-southeast,"['/resource/51', '/resource/18', '/resource/59', '/resource/10', '/resource/1', '/resource/39']",115,usr_00088,user
4.517265625,1.635215661494366,0.25568811263576763,0.12418897282470578,828.4795392063922,3275.0032779976386,653.4432243148685,3779.938748170558,0.0,1e-06,-0.009541752979741858,1.115479319384183,0.015625,0.12450690143095285,3.8671875,1.1662652805963185,1.0,1e-06,328.3137106178385,438.1024014264843,0.9140625,0.2813730045980521,12.504388807156001,3.3877042751318704,password,sa-east,"['/resource/23', '/resource/38', '/resource/16']",128,usr_00089,user
41.35475,16.576262787112825,0.09831887642418408,0.06593222055755144,189.1800904280015,1374.0878347582595,876.2004327496791,10415.617064864593,0.0,1e-06,0.07906231068936781,1.0792371352568255,0.03125,0.17453892539484545,6.5875,1.559662517922169,1.0,1e-06,265.35661129958334,378.3160905672465,0.9125,0.28345354460596456,9.911954144526462,3.6116666184453003,password,sa-east,"['/resource/50', '/resource/7', '/resource/57', '/resource/38', '/resource/24', '/resource/31', '/resource/29', '/resource/33', '/resource/48']",160,usr_00090,user
18.053548387096775,6.971636869481663,0.07215251391187728,0.037984817042153035,586.8072052085954,2143.3332298391906,534.7805988489575,3013.219215665686,0.0,1e-06,0.2518983049978514,1.0565830319336627,0.03225806451612903,0.17740147252703414,7.104838709677419,1.452883582907195,1.0,1e-06,306.0238895255376,387.6965688130439,0.9112903225806451,0.2854776848082391,8.674912628590228,3.226967652035188,password,eu-west,"['/resource/4', '/resource/29', '/resource/44', '/resource/7', '/resource/26', '/resource/31', '/resource/46', '/resource/28', '/resource/32']",124,usr_00091,user
21.558405797101454,8.560715442749549,0.069865942611246,0.04532630266205789,640.6756872272134,2341.572870215761,367.3581805878582,1749.7436609624174,0.0,1e-06,0.17636921537135006,1.281489691721209,0.0,1e-06,6.6231884057971016,1.4461048012969826,1.0,1e-06,610.0162296014493,721.6928708535149,0.8115942028985508,0.3939006413551736,10.517749574567924,3.2042779447152228,certificate,eu-west,"['/resource/30', '/resource/7', '/resource/8', '/resource/59', '/resource/34', '/resource/25', '/resource/39', '/resource/19', '/resource/51']",69,usr_00092,user
8.709999999999999,2.9027623338238815,0.08403012695561085,0.05059214258377854,148.2329135445835,1026.932031289822,245.34565465714414,2230.4556148180263,0.0,1e-06,-0.21841355595210346,1.1643840029568582,0.010309278350515464,0.1015346165133619,6.721649484536083,1.4912401720913726,1.0,1e-06,399.5066674214777,474.3420886673451,0.8865979381443299,0.31873083797937996,8.915674381486749,3.314030324994843,password,eu-west,"['/resource/44', '/resource/28', '/resource/17', '/resource/58', '/resource/43', '/resource/47', '/resource/7', '/resource/31', '/resource/10']",97,usr_00093,user
41.56601694915254,12.812087717933325,0.10317001597282209,0.06875567044808646,1238.4424267841855,3513.7750067126367,1737.499565287343,10814.81682684636,0.0,1e-06,0.010430647631211957,1.0647758369653826,0.025423728813559324,0.15807952162954783,6.203389830508475,1.27137668188705,1.0,1e-06,349.7953995086158,584.6351788866737,0.8983050847457628,0.30353559073973385,14.36033604603097,2.8729153384767856,token,us-east,"['/resource/43', '/resource/59', '/resource/38', '/resource/23', '/resource/22', '/resource/8', '/resource/36']",118,usr_00094,user
40.76318181818181,14.436155482152968,0.13122184539164417,0.13455285692234634,878.9678631526284,3156.124350638942,439.6060206177728,2923.3289996122785,0.0,1e-06,0.2116021497459682,0.9652041770148012,0.0,1e-06,5.651515151515151,1.4934979512996094,1.0,1e-06,632.0072609563131,661.8247911846573,0.8787878787878788,0.3288746085645837,12.789396319187771,3.8367579395241287,password,ap-southeast,"['/resource/7', '/resource/37', '/resource/43', '/resource/10', '/resource/15', '/resource/14']",66,usr_00095,user
33.16123674911661,11.39927928963861,0.14246130411926974,0.05137188893304931,946.4869600664816,3395.3004605907154,1694.1006806955677,7256.227734765874,0.0,1e-06,0.10670805370684885,1.051885868828286,0.01060070671378092,0.10259397836453124,5.628975265017668,0.8589173517379349,1.0,1e-06,146.30625332249704,247.06533991938224,0.9752650176678446,0.155591471849592,12.784362281824947,3.3283030296520013,password,ap-southeast,"['/resource/12', '/resource/54', '/resource/39', '/resource/43', '/resource/45', '/resource/18']",283,usr_00096,user
36.52603448275862,13.977714802300582,0.24414046848951104,0.13158572726071086,327.0763150010302,1413.467619317876,137.75046391371689,735.7356446354954,0.0,1e-06,0.05446918442061323,1.0956980307326276,0.0,1e-06,3.75,0.7675483273270868,1.0,1e-06,365.06581172255756,430.89683203096683,0.9396551724137931,0.23915769232684206,9.393002103852034,3.7262200780433696,biometric,eu-west,"['/resource/37', '/resource/26', '/resource/5']",116,usr_00097,user
11.073962264150943,3.3475779646362014,0.0792737319712443,0.053570150707299466,179.08543574851993,1303.7616518189107,29.506549625601583,214.81092372788845,0.0,1e-06,0.2779218394145004,1.0113632912215058,0.03773584905660377,0.19238024756109728,6.773584905660377,1.5145640326505012,1.0,1e-06,748.1907046518869,908.3755216406303,0.8113207547169812,0.3949977494378391,8.31710238251808,3.6430023708995063,token,sa-east,"['/resource/24', '/resource/50', '/resource/21', '/resource/37', '/resource/20', '/resource/27', '/resource/47', '/resource/30', '/resource/22']",53,usr_00098,user
15.36006289308176,5.02605017640754,0.18926341794728377,0.06232018790534363,803.8965817223119,2926.379728159677,1080.4545652312377,6845.275524991704,0.0,1e-06,0.0946477870900209,1.0646372375994704,0.018867924528301886,0.1364884245663414,4.685534591194968,1.038123701684153,1.0,1e-06,260.65079577033544,386.72348468874105,0.9685534591194969,0.17507263041807267,13.792047935917552,3.5438486734808907,token,sa-east,"['/resource/29', '/resource/28', '/resource/32', '/resource/43']",159,usr_00099,user
4.175642458100559,1.3666040933094352,0.09963373337750102,0.07704758504071793,657.0144134663939,2466.5844357803094,716.6924754143126,3601.1255238045833,0.0,1e-06,0.1010871371005949,1.0763323034589964,0.0223463687150838,0.14822194346066492,6.368715083798882,1.4175164316850242,1.0,1e-06,236.57158597616387,324.7913329859421,0.9441340782122905,0.23030683956193115,9.232172998338964,3.7161916164171576,password,eu-west,"['/resource/26', '/resource/32', '/resource/43', '/resource/34', '/resource/60', '/resource/15', '/resource/3', '/resource/44']",179,usr_00100,user
25.016953125,8.756751596195388,0.1283176570705591,0.08115075600117116,603.2482204873644,2531.4302695310903,274.3705595275761,2031.7945080570025,0.0,1e-06,-0.0909769108302027,1.1926490627207185,0.0078125,0.08838834764831845,5.6640625,1.1313523630113382,1.0,1e-06,322.6877821311198,418.1057684122517,0.9375,0.24301258837812542,10.799326708105674,3.292419559739138,certificate,us-west,"['/resource/1', '/resource/12', '/resource/8', '/resource/32', '/resource/25', '/resource/28']",128,usr_00101,user
16.287558139534887,5.385834783959627,0.07859540388278842,0.06601015567607746,1283.1160804019462,3515.366969817561,838.2945004369518,5952.263229203193,0.0,1e-06,0.42611707409225524,0.7825375185219566,0.011627906976744186,0.10783277320343843,7.244186046511628,1.8210278061748082,1.0,1e-06,450.8277696310077,526.9552268218262,0.8837209302325582,0.32243940246603525,13.962625940522912,3.366557898986568,password,us-east,"['/resource/5', '/resource/56', '/resource/60', '/resource/37', '/resource/28', '/resource/54', '/resource/21', '/resource/2']",86,usr_00102,user
33.720338983050844,14.986635536727231,0.0946497474028011,0.05677433429598968,636.5635739611995,2794.9679057484423,108.35787035398141,586.0727184028278,0.0,1e-06,-0.12605858009723792,2.892956473866237,0.0,1e-06,6.389830508474576,1.4385930525264339,1.0,1e-06,623.753098021469,639.9632417601181,0.8305084745762712,0.3784060204413424,12.92832198548735,3.255516168436174,password,us-west,"['/resource/28', '/resource/55', '/resource/34', '/resource/26', '/resource/7', '/resource/6', '/resource/59']",59,usr_00103,user
38.709603174603174,15.29353183019769,0.19977607678923914,0.10502346058351052,0.0,1e-06,0.0,1e-06,0.0,1e-06,0.23132298421625264,0.9540839220357994,0.023809523809523808,0.15306394555404423,4.587301587301587,1.0061398810888376,1.0,1e-06,316.9723327472223,394.8921044691337,0.9603174603174603,0.19599157740244447,13.149260005260611,3.500200341740139,token,sa-east,"['/resource/29', '/resource/30', '/resource/49', '/resource/38']",126,usr_00105,user
19.107,6.187823875315668,0.17417786333248744,0.07344698632973945,0.0,1e-06,0.0,1e-06,0.0,1e-06,0.4805425365850406,1.9601940381109337,0.0,1e-06,5.172727272727273,1.284052436188804,1.0,1e-06,329.84730594075756,416.0362152638782,0.9545454545454546,0.20925221322752416,9.155338731936856,3.3748347309053313,password,ap-south,"['/resource/41', '/resource/20', '/resource/18', '/resource/38']",110,usr_00106,user
29.17706666666667,10.01168354616602,0.24941832275506487,0.06673835277409251,553.3810531991157,2416.665043638572,802.4780844060963,4136.8479385616565,0.0,1e-06,-0.05391998567892827,0.8952692233567373,0.008888888888888889,0.0940702203101829,3.7777777777777777,0.5127346539847151,1.0,1e-06,184.05357007422222,277.6565572622694,0.9822222222222222,0.1324374665254607,8.746582817253538,3.4326384718689646,token,ap-south,"['/resource/54', '/resource/19', '/resource/42']",225,usr_00107,user
8.56257575757576,2.703612121896808,0.08584264131990736,0.06026157184430537,1001.625351404632,3756.170390815265,2268.6431909406965,19559.121713556495,0.0,1e-06,0.12858321124507635,1.0784996939366607,0.0,1e-06,6.575757575757576,1.314169474014185,1.0,1e-06,319.1390629861111,436.9775583225755,0.9090909090909091,0.2885749523483134,14.087076862498158,3.2965110698480657,certificate,ap-southeast,"['/resource/59', '/resource/29', '/resource/37', '/resource/33', '/resource/52', '/resource/4', '/resource/13', '/resource/21', '/resource/39']",132,usr_00108,user
15.744596774193544,5.628359433919256,0.10521289401871088,0.05151660679294499,314.2915460714809,1814.6027043341073,492.51795121434054,3536.7767262003963,0.0,1e-06,0.03669647867675184,1.0262680958143557,0.03225806451612903,0.17740147252703414,6.129032258064516,1.147409538637997,1.0,1e-06,332.7692917212365,409.6975194398205,0.9274193548387096,0.26049942954462757,9.542480381233863,3.780584501113932,password,us-west,"['/resource/42', '/resource/20', '/resource/45', '/resource/9', '/resource/39', '/resource/23', '/resource/43']",124,usr_00111,user
11.044827586206896,3.932390793607466,0.08623256932279244,0.1080508758883048,477.6387672139927,2188.361270076734,1286.1393127398699,10289.001949655407,0.0,1e-06,-0.01893437933203435,1.0359332353891324,0.034482758620689655,0.18352338815966718,6.793103448275862,1.5107208431468082,1.0,1e-06,429.81103987452116,494.330763328154,0.8735632183908046,0.33426760276653933,10.100602979827912,3.617189047680614,password,us-west,"['/resource/32', '/resource/33', '/resource/20', '/resource/12', '/resource/50', '/resource/24', '/resource/14', '/resource/2', '/resource/15']",87,usr_00112,user
33.59713450292398,12.433198465944605,0.07583745988279214,0.033267371386899704,767.718825246823,3122.1528851859257,816.1653148482383,5509.320736525938,0.0,1e-06,0.04647953612026861,0.9612385116370518,0.005847953216374269,0.07647191129018725,7.058479532163743,1.2257415634875715,1.0,1e-06,243.05581937076022,343.02721285468675,0.9298245614035088,0.2561926519683978,10.311256513158103,3.500586877649523,password,ap-southeast,"['/resource/50', '/resource/22', '/resource/45', '/resource/25', '/resource/43', '/resource/39', '/resource/9', '/resource/11', '/resource/10', '/resource/40']",171,usr_00113,user
42.52410071942446,15.780366989953311,0.13108894294276424,0.04644509751330712,643.1569069455569,2667.2563560153676,655.4614934212051,4322.050950111003,0.0,1e-06,0.13840001499292381,0.9802825617712044,0.007194244604316547,0.08481889296799709,6.151079136690647,1.1912341004596032,1.0,1e-06,274.6842114741007,384.8667541383682,0.9496402877697842,0.2194770136587298,13.270098992677307,3.350394035709763,token,sa-east,"['/resource/29', '/resource/48', '/resource/51', '/resource/15', '/resource/16']",139,usr_00114,user
5.916842105263159,2.193524931187289,0.08226325931891244,0.0561280762753644,629.7035062742435,2140.1487216849605,190.60668168945367,1146.1719987554434,0.0,1e-06,0.0988347534709818,0.9781808493569126,0.031578947368421054,0.17580402404729137,6.852631578947369,1.5015482864160483,1.0,1e-06,438.53601911228066,424.49319630982086,0.8842105263157894,0.3216697756533384,13.695916431004346,3.596054639540328,password,eu-west,"['/resource/13', '/resource/25', '/resource/39', '/resource/34', '/resource/27', '/resource/52', '/resource/9', '/resource/50', '/resource/53']",95,usr_00115,user
41.772600000000004,16.700222021009793,0.20952674431089743,0.1463947002564772,2504.8320555937094,5621.633543242713,1452.9088904464902,7251.964289199483,0.0,1e-06,0.04629363076396018,0.9004671638832289,0.04,0.19794866372215741,4.88,1.6980180523547,1.0,1e-06,780.3298317059999,865.7381552883141,0.9,0.30304576336566325,13.982289293588902,3.189474248766003,password,ap-southeast,"['/resource/6', '/resource/18', '/resource/49', '/resource/19']",50,usr_00116,user
20.855384615384615,4.901238214205535,0.1457471734103846,0.11570883495247594,329.10891205929136,2055.2844970653487,36.733881205587146,229.40301460229628,0.0,1e-06,-0.2087829599613006,1.6399634490539778,0.05128205128205128,0.22345586503095893,4.923076923076923,1.1558686727582714,1.0,1e-06,1026.1868912380341,1032.897847852183,0.8205128205128205,0.3887764119844716,10.968148911343965,2.7210261480209486,password,us-east,"['/resource/4', '/resource/33', '/resource/26', '/resource/27', '/resource/60']",39,usr_00117,user
16.678372093023256,5.294625725444244,0.09354201976364593,0.08078140238595137,90.79893133670934,595.40841031279,16.226780568104473,106.40611602268336,0.0,1e-06,0.25582154926738415,0.8428839444697803,0.046511627906976744,0.21308263231644636,6.023255813953488,1.65455176051981,1.0,1e-06,951.4872149589147,938.9929588815758,0.7674418604651163,0.4274625743754584,10.575536657453952,3.7229383624248054,password,us-east,"['/resource/47', '/resource/34', '/resource/8', '/resource/50', '/resource/39', '/resource/36', '/resource/28']",43,usr_00119,user
16.1025,4.45855242269084,0.09666782322845215,0.07081211141976024,764.6219723683037,2677.5185838897746,101.50591452589289,413.57629795444,0.0,1e-06,0.0865926159155619,1.1774086722897374,0.0,1e-06,6.076923076923077,1.5823307931860697,1.0,1e-06,802.9664493445514,885.9936466843654,0.8076923076923077,0.3979585917202717,9.518450306022041,3.40949081734744,password,sa-east,"['/resource/2', '/resource/35', '/resource/39', '/resource/58', '/resource/16', '/resource/54', '/resource/33']",52,usr_00120,user
39.667927927927934,14.796006040766365,0.1085243166847114,0.09626963035051396,315.9261050935597,1885.2010030999609,192.45318725917343,1491.8235241920897,0.0,1e-06,0.0592754708282776,0.8966756396282539,0.036036036036036036,0.18722509194345469,6.513513513513513,1.5946778806384516,1.0,1e-06,352.94233429219236,441.96557273421286,0.9099099099099099,0.28760925353521344,14.583869329908062,3.5949149553143105,password,us-west,"['/resource/5', '/resource/33', '/resource/51', '/resource/34', '/resource/35', '/resource/24', '/resource/36', '/resource/60']",111,usr_00121,user
34.29919354838711,11.605109303491039,0.1200462524874775,0.05204070096973398,326.921896699973,1461.952626403791,184.9421086006727,1098.177643865773,0.0,1e-06,-0.026378143154090303,1.0141649315670995,0.03225806451612903,0.17740147252703414,5.830645161290323,1.1456653847781366,1.0,1e-06,340.0433365635753,462.234527442072,0.9354838709677419,0.24666673754792323,9.374652690063133,3.3072683736868425,token,eu-west,"['/resource/60', '/resource/16', '/resource/41', '/resource/23', '/resource/51', '/resource/43']",124,usr_00122,user
46.63629629629629,13.222297105296823,0.2251915163150528,0.08614925207672872,397.0046829661308,1979.8101934954939,4191.512207364519,30700.30293338017,0.0,1e-06,0.23839684259431362,0.8105989983344453,0.018518518518518517,0.13608276348795434,4.092592592592593,0.591401230801181,1.0,1e-06,730.9684988194444,662.1984165072952,0.9444444444444444,0.23121228232266408,14.286437533021896,3.5378902467356284,password,us-west,"['/resource/42', '/resource/54', '/resource/12']",54,usr_00123,user
17.80041884816754,6.04030217372928,0.19240884039383202,0.10834022298413024,373.99355260096644,2122.248708745074,6611.138299001505,89281.90877434394,0.0,1e-06,-0.09411026930564625,1.1396011185463624,0.04712041884816754,0.21245329183718292,4.403141361256544,1.0759527361543986,1.0,1e-06,223.64335249581154,291.3062838286703,0.93717277486911,0.2432896616492725,9.136670373830082,3.907716543267337,password,us-west,"['/resource/3', '/resource/51', '/resource/13', '/resource/19']",191,usr_00124,user
22.198210526315783,8.03203578784626,0.09057164195119484,0.04223010819791023,819.5083714641551,3357.03503965395,3477.2835650370266,29031.854199202673,0.0,1e-06,-0.03342261108691203,1.0269152897843172,0.021052631578947368,0.1439390941465382,6.594736842105263,1.2594504908280904,1.0,1e-06,217.21639476929826,314.2863102062149,0.9421052631578948,0.23416131886495656,12.469688852952453,3.635042978199365,password,ap-southeast,"['/resource/50', '/resource/49', '/resource/4', '/resource/8', '/resource/18', '/resource/59', '/resource/23', '/resource/19', '/resource/13']",190,usr_00125,user
7.237851851851851,2.5134739547431,0.1065570437578937,0.057464997092665324,825.9521139896971,2871.8114631485487,708.4102242658771,3118.8446685495355,0.0,1e-06,-0.06064185880697604,1.1112131499212583,0.007407407407407408,0.08606629658238704,6.451851851851852,1.2970605028438689,1.0,1e-06,311.56273735444444,383.5895397019264,0.9333333333333333,0.2503728562847401,14.42092773988971,3.913094454644446,token,ap-south,"['/resource/47', '/resource/45', '/resource/34', '/resource/24', '/resource/32', '/resource/18', '/resource/52']",135,usr_00126,user
11.221455696202533,3.5300098023987188,0.13417499572359,0.10128744770961,756.6491416219021,3198.112231984912,938.2852980058473,7275.792855162508,0.0,1e-06,-0.09403243287723094,0.9389077867506831,0.0189873417721519,0.1369140781910376,5.639240506329114,1.200946306443486,1.0,1e-06,271.40260300822786,366.86719308546697,0.9493670886075949,0.21994406800381894,14.166809705955787,3.9180189022027445,password,ap-southeast,"['/resource/6', '/resource/29', '/resource/43', '/resource/20', '/resource/19', '/resource/21']",158,usr_00127,user
44.71147286821705,15.908990485963,0.10804392231711116,0.04916121151468763,720.2271891875172,3131.523807725059,1859.1804796908743,18592.637435119745,0.0,1e-06,0.10902309234030569,1.021504939879534,0.023255813953488372,0.15130248464736168,5.821705426356589,1.0491783422271208,1.0,1e-06,317.40679318410855,427.87835582151837,0.9302325581395349,0.25574787730142756,9.982135037346108,3.319115636710927,password,us-east,"['/resource/26', '/resource/41', '/resource/18', '/resource/24', '/resource/4', '/resource/51', '/resource/59']",129,usr_00128,user
42.09030927835052,14.402858197461466,0.08744922399164079,0.03623552075590768,532.2801669369793,2516.637746146669,885.9981151332307,5638.714863209661,0.0,1e-06,-0.013430561317329965,1.107797102336421,0.030927835051546393,0.17357014663099857,6.649484536082475,1.1831392081111973,1.0,1e-06,215.38317393685568,319.92017644650434,0.9432989690721649,0.23186882860291544,13.688656070129365,3.5823560063999538,password,sa-east,"['/resource/37', '/resource/16', '/resource/25', '/resource/42', '/resource/24', '/resource/56', '/resource/50', '/resource/5', '/resource/10']",194,usr_00129,user
34.09757396449704,12.274600688230498,0.137895636615683,0.06079474508160976,559.1260588639844,2616.2780701428505,524.5030770411275,3952.037122672855,0.0,1e-06,0.3148738130309995,0.9116517689390782,0.011834319526627219,0.10846140856771377,5.443786982248521,1.7588483385905855,1.0,1e-06,208.843082569428,299.0073015188139,0.9704142011834319,0.16994521186318018,8.488629227478011,3.4884382851494666,password,ap-southeast,"['/resource/42', '/resource/26', '/resource/16', '/resource/8', '/resource/21']",169,usr_00130,user
12.03125,4.136813909058736,0.17173265409214752,0.06917452104302288,1234.9877836406083,4013.4906245860843,2340.38594134309,15386.97953656132,0.0,1e-06,0.20601805243269908,1.0767061081091418,0.017857142857142856,0.1336306209562122,4.839285714285714,1.0405730189622484,1.0,1e-06,723.5316486958334,806.0821790504333,0.9107142857142857,0.2877363511831756,13.895927953186101,2.7931374152008437,password,ap-southeast,"['/resource/19', '/resource/29', '/resource/40', '/resource/46']",56,usr_00131,user
13.954322580645162,4.879853042956078,0.16482732682053092,0.04587597579620258,456.9887036236431,1878.2078617031445,3446.6781336411623,30093.11395971963,0.0,1e-06,-0.036778183522746845,1.0718355020220662,0.012903225806451613,0.1130396026598456,5.15483870967742,0.8749807985604383,1.0,1e-06,133.6597564426344,229.16081585196903,0.9806451612903225,0.13799149835148475,9.95291285434645,3.412205077473995,password,eu-west,"['/resource/24', '/resource/13', '/resource/33', '/resource/15', '/resource/8']",310,usr_00133,user
36.906111111111116,10.94102540569688,0.0913876359228606,0.09898736689065919,0.0,1e-06,0.0,1e-06,0.0,1e-06,-0.25130778993300124,1.2344985094705432,0.0,1e-06,5.111111111111111,1.8751906221184678,1.0,1e-06,2021.893489987037,1749.572786160868,0.6111111111111112,0.5016313257045502,14.51115232242029,3.7936298733602407,certificate,ap-southeast,"['/resource/31', '/resource/6', '/resource/47', '/resource/26', '/resource/57', '/resource/20']",18,usr_00134,user
17.490949720670393,6.429000978950418,0.2032073320447593,0.09460984837088258,338.1648539613357,1718.2225713141545,418.009549084758,3213.5969029461744,0.0,1e-06,-0.0009955180408052645,1.0454243054256542,0.0223463687150838,0.14822194346066492,4.407821229050279,0.7080161010330744,1.0,1e-06,236.23464449292368,316.03983700632153,0.9720670391061452,0.1652430147010033,9.665338616517637,3.750279973329284,biometric,us-east,"['/resource/60', '/resource/21', '/resource/20', '/resource/11']",179,usr_00136,user
28.460882352941173,9.84375349101768,0.15087069232320735,0.1358223270430264,742.4593102115057,3234.794058751577,340.488168380622,2274.272648730759,0.0,1e-06,0.12354432043488736,1.1510833669529774,0.014705882352941176,0.12126781251816653,5.264705882352941,1.2292170431088885,1.0,1e-06,611.5573832838235,700.0529550664145,0.8823529411764706,0.32458523544031886,10.010520647521826,3.1438588751574676,token,us-east,"['/resource/20', '/resource/6', '/resource/35', '/resource/33', '/resource/9', '/resource/42']",68,usr_00137,user
37.455140845070424,11.545277364041372,0.11128021485570917,0.05294986575470339,340.30294902446724,2026.0485160885307,1921.193668552773,21828.314777530883,0.0,1e-06,-0.039913935682051205,1.0815202578267487,0.02112676056338028,0.14431593883136798,5.838028169014085,1.158608384775374,1.0,1e-06,295.3083166717136,390.7281882322191,0.9366197183098591,0.24450815393137137,10.184905426078908,3.43644922836514,password,sa-east,"['/resource/2', '/resource/17', '/resource/50', '/resource/37', '/resource/3', '/resource/42', '/resource/6']",142,usr_00138,user
20.504878048780487,7.291652353368408,0.07921014222437543,0.04557487430389725,121.88286037557558,811.2764228455496,73.89599922346534,598.4783257782943,0.0,1e-06,-0.03863906164670522,1.001668084833094,0.04065040650406504,0.19828667703811323,6.560975609756097,1.287686586597018,1.0,1e-06,340.41507840271,415.8461753696925,0.9024390243902439,0.29793370773096334,14.210374574263106,3.476436811902743,password,ap-south,"['/resource/44', '/resource/30', '/resource/4', '/resource/45', '/resource/16', '/resource/52', '/resource/31', '/resource/5', '/resource/58', '/resource/11']",123,usr_00139,user
24.252236842105265,8.588284205619376,0.18589499253187594,0.11877805797650191,977.6285828320517,3717.776637043384,137.18564590196948,721.5599099481209,0.0,1e-06,-0.04161811345761654,0.8857720388860724,0.013157894736842105,0.11470786693528091,4.631578947368421,0.9776448607158996,1.0,1e-06,532.7167053201754,641.6304578806768,0.9210526315789473,0.27144835701531844,12.864932285447747,3.6974481395666703,password,ap-southeast,"['/resource/26', '/resource/47', '/resource/56', '/resource/49']",76,usr_00140,user
34.922,14.433013180680055,0.21448495944976576,0.18675471441319136,1243.1655130193437,3446.489965542754,34.524202632661606,88.29397145593649,0.0,1e-06,0.23588459097084194,0.8505779485372084,0.05,0.22360679774997894,4.95,2.139232523470435,1.0,1e-06,1310.9413570158333,1484.5045388466697,0.8,0.41039134083406165,15.054352128894832,3.575367388096068,password,ap-south,"['/resource/10', '/resource/4', '/resource/16']",20,usr_00141,user
42.72999999999999,14.183802552161733,0.11520430843765624,0.10421738397761202,572.4618412264984,2102.028390817556,486.9243526788574,2673.2822226646313,0.0,1e-06,0.05373436683798616,0.9312745228853396,0.008,0.08944271909999156,6.168,1.2555425507620974,1.0,1e-06,338.6676959621333,452.15290519233815,0.928,0.2595281077449559,14.08513867701986,3.0653185351014614,password,eu-west,"['/resource/57', '/resource/32', '/resource/33', '/resource/26', '/resource/30', '/resource/2', '/resource/6']",125,usr_00142,user
15.677903225806451,6.752254787239052,0.23385040877608376,0.0895936945758635,1096.7914577007348,3893.1307365209846,220.08295479834473,1134.977183972461,0.0,1e-06,0.29558600720461137,1.1571226581083132,0.016129032258064516,0.12700012700019053,3.6774193548387095,0.6959883536897065,1.0,1e-06,611.8419805118281,693.8036430379326,0.9354838709677419,0.24767560367065308,14.31969368249422,3.1310276062462803,password,us-east,"['/resource/42', '/resource/39', '/resource/54']",62,usr_00143,user
19.501650485436894,7.219393285176648,0.1641667643181203,0.07654733342959759,249.22810816140512,1779.7591582024336,215.83633142093927,1753.0230840606414,0.0,1e-06,-0.04297595896230475,0.9837324251432891,0.0,1e-06,4.87378640776699,0.9147978631379039,1.0,1e-06,406.402199688835,464.50967728276083,0.941747572815534,0.23536549459929887,10.932228484950553,3.3106080826260222,password,ap-south,"['/resource/24', '/resource/59', '/resource/3', '/resource/49', '/resource/26']",103,usr_00144,user
36.132109375,12.708409680910675,0.08647182879185779,0.044470069193775594,417.2085965487603,2356.0782164150646,627.9210849063676,4903.466647093857,0.0,1e-06,-0.12643568916258724,1.0538687504595308,0.015625,0.12450690143095285,6.4765625,1.3159520594742977,1.0,1e-06,328.5950168516927,412.1393856612404,0.9140625,0.2813730045980521,12.822142070862599,3.796791083758638,password,ap-southeast,"['/resource/24', '/resource/9', '/resource/40', '/resource/51', '/resource/7', '/resource/44', '/resource/59', '/resource/53', '/resource/22']",128,usr_00145,user
41.64823529411765,14.48955604445233,0.07556919068532868,0.03468811291920499,789.0251049062816,2952.62579664174,874.2339838227741,4711.436521208167,0.0,1e-06,-0.027152129334962402,1.0871265832396733,0.006535947712418301,0.08084520834544434,6.555555555555555,1.2819028254127414,1.0,1e-06,276.3544715725491,373.7690816196762,0.9215686274509803,0.26973212258953577,13.299617820764094,3.245886775645019,password,ap-south,"['/resource/34', '/resource/31', '/resource/9', '/resource/52', '/resource/46', '/resource/33', '/resource/39', '/resource/59', '/resource/3', '/resource/10']",153,usr_00146,user
37.020229885057475,13.151999050194073,0.11705561900437622,0.07272632154707721,1514.2413250328625,4170.317091076294,1339.7349150198506,9161.950530867405,0.0,1e-06,-0.01822782172709644,1.1623032338746233,0.034482758620689655,0.18352338815966718,5.839080459770115,1.3457388669805566,1.0,1e-06,481.20016340057475,562.5700617602615,0.9080459770114943,0.2906361870283388,14.581971318193826,3.3260383577147206,password,ap-southeast,"['/resource/32', '/resource/60', '/resource/46', '/resource/33', '/resource/37', '/resource/35']",87,usr_00147,user
33.39208333333333,9.815225875081696,0.10628818547265692,0.06459316448183679,1006.0554436088308,3312.250391436205,10586.875077215584,87937.16453291212,0.0,1e-06,0.017817390140276994,0.9788211560150982,0.041666666666666664,0.20122862059478241,6.277777777777778,1.762058832787215,1.0,1e-06,580.2664685337963,685.9499242161845,0.8611111111111112,0.3482574551765863,10.387592033096976,3.6604798040756017,token,ap-south,"['/resource/38', '/resource/31', '/resource/37', '/resource/17', '/resource/39', '/resource/50', '/resource/42']",72,usr_00148,user
33.45292682926829,10.862320940734175,0.09036923435881655,0.07134964475709106,1292.4553751219505,3867.313897444293,1510.075043930348,8254.143098610984,0.0,1e-06,0.17823419175470473,1.0521937895848033,0.024390243902439025,0.15617376188860604,6.024390243902439,1.5888329817518387,1.0,1e-06,1024.1733026890245,1274.7385330309473,0.7560975609756098,0.43476935292624114,14.294333764312942,3.33988322279154,password,ap-southeast,"['/resource/8', '/resource/21', '/resource/3', '/resource/29', '/resource/10', '/resource/13', '/resource/37']",41,usr_00149,user
25.58176136363637,8.565987543427545,0.2585938824197164,0.08901496020653306,281.16786605769244,1563.553436426879,760.4993312659565,6447.2585224330505,0.0,1e-06,0.05406973491169396,0.9932918971267899,0.028409090909090908,0.1666125453251953,3.835227272727273,0.5566306336680208,1.0,1e-06,234.34133096221586,319.10553114314166,0.9829545454545454,0.12981005103862084,14.352175704263633,3.6280269853614486,password,ap-south,"['/resource/34', '/resource/36', '/resource/14']",176,usr_00150,user
15.775486111111112,5.066439255681819,0.08307004894424032,0.03539092533746975,488.3465669941736,2341.9575673587833,581.2596784887248,3775.3178557192796,0.0,1e-06,0.04909472379045494,1.08875757868812,0.024305555555555556,0.15426414189387871,6.916666666666667,1.1074659526310204,1.0,1e-06,145.90202106626157,237.29261152481348,0.9583333333333334,0.20017414021583765,9.918761194631198,3.5382215912238104,password,ap-south,"['/resource/42', '/resource/40', '/resource/44', '/resource/56', '/resource/60', '/resource/47', '/resource/50', '/resource/45', '/resource/31', '/resource/52']",288,usr_00151,user
9.128253968253969,3.357271026245525,0.14225662400879638,0.07835255778708869,950.0721454359,2761.7226128118596,5322.408932067695,51250.60483876342,0.0,1e-06,-0.08266763641002065,1.0284981769677966,0.010582010582010581,0.1025949476908134,5.544973544973545,0.9969840820869241,1.0,1e-06,217.24293264832446,304.63049890882473,0.9629629629629629,0.1893541759246685,13.048219832748027,3.7719225264459952,token,eu-west,"['/resource/51', '/resource/36', '/resource/47', '/resource/23', '/resource/18', '/resource/21']",189,usr_00152,user
12.568558558558557,4.204043269674738,0.11194542002597749,0.05270959881925663,519.8256987558756,2475.0875470678916,1800.9150134589015,16719.308916889382,0.0,1e-06,-0.017537788043496885,0.98845652784849,0.013513513513513514,0.11572043585111585,5.927927927927928,1.0482626152921877,1.0,1e-06,185.96936869391888,323.4384511273356,0.9594594594594594,0.19766893954601203,14.012706484965353,3.168909976379924,certificate,ap-south,"['/resource/3', '/resource/19', '/resource/6', '/resource/42', '/resource/29', '/resource/23', '/resource/17']",222,usr_00153,user
29.904200000000007,10.606979814042742,0.14463043002690962,0.14237999372155902,216.89947231020025,1533.710877063264,47.915047300344696,338.81054866947915,0.0,1e-06,0.08585355837679645,1.1317997843332797,0.04,0.19794866372215741,5.76,1.790678813256274,1.0,1e-06,819.7688995393335,801.903154907467,0.84,0.3703280399090206,8.924407111034672,3.7145115147838563,password,ap-southeast,"['/resource/4', '/resource/40', '/resource/38', '/resource/48', '/resource/57', '/resource/34']",50,usr_00154,user
15.464926470588235,5.083091942731026,0.09585332146371654,0.06597588188190827,616.6492343485363,2336.1694057454347,224.65028727274859,1187.9669044055345,0.0,1e-06,0.09314136731243164,1.047028881981741,0.022058823529411766,0.1474178623633881,6.272058823529412,1.330368435544056,1.0,1e-06,311.3207834004902,386.6741750927721,0.9191176470588235,0.2736623239288272,13.212678265632164,3.739670710801605,password,eu-west,"['/resource/55', '/resource/11', '/resource/56', '/resource/49', '/resource/36', '/resource/19', '/resource/13', '/resource/42']",136,usr_00155,user
37.4560606060606,13.183156321839643,0.14059984224501315,0.058143308312621184,489.5940631921321,2231.6919433076678,1874.1304771820753,21329.129723649454,0.0,1e-06,0.19370998462185954,1.1056968118931312,0.024242424242424242,0.15426913256507244,5.1878787878787875,0.9664359895013221,1.0,1e-06,250.38580977696967,325.37353932490066,0.9575757575757575,0.2021685831035258,13.829488336392128,3.7928985454335122,password,sa-east,"['/resource/60', '/resource/58', '/resource/3', '/resource/54', '/resource/59', '/resource/27']",165,usr_00156,user
32.089090909090906,17.528374970056667,0.12673160170523332,0.1319844219736817,694.1443481977232,2302.216353317659,497.65226994955117,1650.5258554913191,0.0,1e-06,0.14250252864746102,1.4092599697344341,0.0,1e-06,3.4545454545454546,1.3684762594679063,1.0,1e-06,2848.760981606061,2279.7816272438404,0.5454545454545454,0.5222329678670935,13.635119492188977,2.8726997047407274,password,us-east,"['/resource/19', '/resource/22', '/resource/60']",11,usr_00157,user
35.09102564102563,12.972331242600395,0.0977228285920922,0.06520592176811355,537.491346172952,2460.8024132094565,23.732722426098572,109.76983878414417,0.0,1e-06,-0.0870977856094547,1.2872053974653799,0.02564102564102564,0.16012815380508716,6.3076923076923075,1.7644716840705148,1.0,1e-06,840.6795160628205,898.3533273485596,0.8205128205128205,0.3887764119844716,9.94433268147039,2.8419629038822887,token,ap-south,"['/resource/12', '/resource/17', '/resource/46', '/resource/47', '/resource/22', '/resource/11']",39,usr_00158,user
11.544239999999999,3.9952404944928337,0.13745093694433955,0.04184346982453616,0.0,1e-06,0.0,1e-06,0.0,1e-06,-0.01795050122637214,0.9726680462249732,0.02,0.14028084280983538,5.636,0.8356417825569878,1.0,1e-06,167.98885915066668,278.67227124236643,0.972,0.1653036636158415,8.947414497122695,3.35786451334828,password,sa-east,"['/resource/26', '/resource/53', '/resource/21', '/resource/43', '/resource/28', '/resource/33']",250,usr_00159,user
16.32857142857143,6.309579618166586,0.17864466800548914,0.1264227259936119,0.0,1e-06,0.0,1e-06,0.0,1e-06,0.3320457822141426,0.8900387232130218,0.02857142857142857,0.16903085094570333,4.885714285714286,2.040349286294882,1.0,1e-06,998.5998156119047,1126.6657625035086,0.8857142857142857,0.3228028510906757,12.213252999197316,3.0840494902328297,token,us-west,"['/resource/29', '/resource/18', '/resource/49']",35,usr_00160,user
32.00676724137931,11.704530457347454,0.10828120626010183,0.03803957816356663,456.27385906947177,1832.7186123497395,632.5568256033459,4675.316860024334,0.0,1e-06,0.017641635484116236,0.9729203197853713,0.008620689655172414,0.0926464821368635,6.1594827586206895,0.8903016122306019,1.0,1e-06,179.96236883074712,251.7680092467553,0.9612068965517241,0.19351904130129177,12.860500313638129,3.6591025116947327,token,eu-west,"['/resource/33', '/resource/11', '/resource/4', '/resource/30', '/resource/26', '/resource/20', '/resource/44']",232,usr_00161,user
38.64060606060605,9.547967368566574,0.12445655927163465,0.09481904013122719,1092.9860559043825,3057.6566656108125,265.1391251486159,859.741082900684,0.0,1e-06,0.10671552470615281,1.0929998771323208,0.0,1e-06,5.212121212121212,1.515700658061639,1.0,1e-06,1228.209332288384,1515.2936187963617,0.7272727272727273,0.45226701686664544,13.918057362759985,2.567670251153831,certificate,eu-west,"['/resource/31', '/resource/39', '/resource/48', '/resource/24', '/resource/30']",33,usr_00162,user
38.57879432624114,11.575943187439403,0.0806139712533703,0.04477056586051346,625.827395081106,2594.1973773713876,1173.0518295549746,10582.532139613126,0.0,1e-06,-0.06984220862502824,1.2424728269296126,0.014184397163120567,0.11867215360195857,6.6879432624113475,1.2079188227990065,1.0,1e-06,296.5072674135934,378.97670954876423,0.9148936170212766,0.28003473514465665,14.319645921731327,3.3533370095876966,password,us-west,"['/resource/29', '/resource/32', '/resource/6', '/resource/21', '/resource/55', '/resource/34', '/resource/8', '/resource/14', '/resource/46', '/resource/44']",141,usr_00164,user
28.839292035398227,10.355317019084426,0.08140445066045203,0.03768823527579606,363.5822591084781,2211.480208250755,385.4447349365169,3610.6705609640253,0.0,1e-06,0.052000927296775974,0.9725709704074509,0.017699115044247787,0.13244276964543109,6.6902654867256635,1.2180168748662363,1.0,1e-06,373.1753624103245,467.81937999500826,0.9026548672566371,0.29774754916562124,10.17525283054974,3.784336017804706,password,ap-south,"['/resource/30', '/resource/2', '/resource/20', '/resource/48', '/resource/1', '/resource/36', '/resource/44', '/resource/17', '/resource/47']",113,usr_00165,user
20.94857142857143,6.586942567870685,0.17090624643120525,0.07129634297917772,380.60547683028295,2451.7013071393867,292.73610986951365,2604.5643098793353,0.0,1e-06,0.14370159934169138,1.0662158691504506,0.03571428571428571,0.18669145807013005,5.5,1.6169285176918926,1.0,1e-06,426.32239897956345,436.4777560892881,0.9404761904761905,0.2380235118583054,12.66532294202671,3.609143115389493,token,sa-east,"['/resource/58', '/resource/5', '/resource/31', '/resource/3']",84,usr_00166,user
45.170658436213984,15.303060879835218,0.09782639119115837,0.04191435080499736,546.4852775557852,2149.1701747801694,828.5803903279589,5083.864836936981,0.0,1e-06,0.004478260634278404,1.0308336048593278,0.0,1e-06,6.3580246913580245,1.3140245602127698,1.0,1e-06,173.90360137935528,264.10472856021613,0.9588477366255144,0.19905227277922494,9.91692016774885,3.556659575473634,password,eu-west,"['/resource/42', '/resource/25', '/resource/9', '/resource/43', '/resource/23', '/resource/6', '/resource/44', '/resource/35']",243,usr_00167,user
35.53652173913043,14.112236647264877,0.1344079375362193,0.0930508663626002,165.99103978641205,1125.8060060735215,6.603620784184714,44.78793524176518,0.0,1e-06,0.06473967403243197,0.8314295236444171,0.0,1e-06,5.304347826086956,1.2973402743457916,1.0,1e-06,883.3588073278987,852.5866258712166,0.8478260869565217,0.36315844747302034,14.328027195323463,3.9049403613407976,password,sa-east,"['/resource/28', '/resource/35', '/resource/30', '/resource/47', '/resource/20']",46,usr_00168,user
6.909021739130433,2.7482698092758575,0.12880947321572572,0.0788486690786145,444.4416777787194,2434.0100767788863,95.52929079006358,739.8070791934305,0.0,1e-06,-0.01156528295545209,1.1836798916090143,0.0,1e-06,5.532608695652174,1.2354746114461237,1.0,1e-06,444.77825614999995,503.43592512646035,0.9130434782608695,0.2833152987899314,9.431512380927854,3.56577655238776,token,us-west,"['/resource/40', '/resource/52', '/resource/3', '/resource/27', '/resource/2', '/resource/50']",92,usr_00169,user
35.3529457364341,10.780622257311725,0.25671181500179063,0.11328740803806321,437.5610732904484,2483.928953169624,2592.671501627892,28158.200291562895,0.0,1e-06,0.039353528198597734,1.1194550629799802,0.031007751937984496,0.17401438949678266,3.798449612403101,0.7221911641105697,1.0,1e-06,302.63211509547807,390.549324402312,0.9689922480620154,0.1740143894967827,9.586367342744005,3.3387985255346755,token,ap-southeast,"['/resource/26', '/resource/29', '/resource/35']",129,usr_00170,user
44.07754098360656,15.92052858000957,0.1276581600272919,0.0795254157914507,771.1587331935706,3405.0824917173977,321.52030426096286,1677.1590935957154,0.0,1e-06,0.12944871582863482,0.9963708997495438,0.01639344262295082,0.12750670423968666,5.549180327868853,1.0373397238852393,1.0,1e-06,347.3267874840164,423.9380113589606,0.9180327868852459,0.27544596249533043,10.10723030975937,3.492622284206238,token,ap-southeast,"['/resource/20', '/resource/16', '/resource/53', '/resource/39', '/resource/21', '/resource/50']",122,usr_00171,user
37.130273972602744,12.731928693533822,0.11873362716604922,0.0733157773796301,894.5834273155815,2445.34319182089,251.66406943781507,995.7541214855937,0.0,1e-06,0.061973227189689194,0.798270009836187,0.0547945205479452,0.22915369411186493,5.794520547945205,1.1298832794879135,1.0,1e-06,577.6968161682648,584.7644550600983,0.8904109589041096,0.31453863195058485,14.348842176081336,3.7457669316903663,password,eu-west,"['/resource/23', '/resource/44', '/resource/41', '/resource/4', '/resource/32', '/resource/42']",73,usr_00172,user
15.774507042253525,5.708528153744409,0.13851229233523343,0.12410669591141821,779.8953772418847,2886.09064032221,225.11246785926377,1078.8790206404726,0.0,1e-06,0.21224349958921568,0.9685517511149131,0.014084507042253521,0.11867816581938533,5.563380281690141,1.401350311726894,1.0,1e-06,584.5720443943662,662.7058121171402,0.8450704225352113,0.36441292606616554,9.631913670213057,3.62511034813186,token,ap-south,"['/resource/55', '/resource/31', '/resource/16', '/resource/49', '/resource/35']",71,usr_00173,user
24.37119496855346,9.076257548938221,0.08518013143148279,0.055873385061312286,476.3552306323417,2047.6905226320089,690.9763684573782,3823.6526646711823,0.0,1e-06,-0.0041298958076718545,1.0821902478800567,0.018867924528301886,0.1364884245663414,6.408805031446541,1.3322382255418048,1.0,1e-06,266.57463182976943,360.2305675382749,0.9245283018867925,0.2649855456129768,9.09392650654249,3.56575554517212,certificate,us-east,"['/resource/16', '/resource/34', '/resource/14', '/resource/9', '/resource/22', '/resource/25', '/resource/42', '/resource/24', '/resource/29']",159,usr_00174,user
12.40485549132948,4.5090278443461465,0.09726282892784253,0.043333488672563855,223.71291973790815,1215.153240082751,179.72466250492525,1386.0618035258988,0.0,1e-06,0.10357255635294313,1.0846378986112113,0.03468208092485549,0.18350444380987116,6.213872832369942,1.1789991449252084,1.0,1e-06,243.9803188293834,370.29065660404035,0.9421965317919075,0.23404885841942594,13.880729348075663,3.610236354746315,biometric,eu-west,"['/resource/13', '/resource/43', '/resource/5', '/resource/36', '/resource/52', '/resource/47', '/resource/38', '/resource/49']",173,usr_00175,user
20.13917293233083,7.3338196510695095,0.14219270483336416,0.091281753453354,250.42167647217806,1695.4681054712278,36.71559481948668,333.2367105683577,0.0,1e-06,0.01846595297342829,1.0723821549833514,0.015037593984962405,0.12216248531529496,5.421052631578948,1.1495092913262142,1.0,1e-06,316.92259147932333,423.5169021196141,0.9473684210526315,0.22414110388271213,9.848890837766296,3.1541338721017462,password,us-east,"['/resource/16', '/resource/39', '/resource/46', '/resource/31', '/resource/48', '/resource/45']",133,usr_00176,user
38.5125925925926,15.090308671235046,0.08030206225528795,0.051446629645002934,676.9613702893431,2519.923459726523,158.8753926239469,787.9101500184606,0.0,1e-06,-0.13449636562493625,1.3984498774598102,0.0,1e-06,6.592592592592593,1.5603400514536918,1.0,1e-06,775.4132670521607,811.8964946146965,0.8148148148148148,0.39209519801278114,13.190510320156717,3.4683845821013817,password,eu-west,"['/resource/24', '/resource/47', '/resource/52', '/resource/31', '/resource/30', '/resource/7', '/resource/32', '/resource/20']",54,usr_00177,user
10.264303797468356,3.7911410512702397,0.13418802758617715,0.06509891209147788,572.9156101104959,2274.2772355259835,94.56614587197473,482.26769156238885,0.0,1e-06,-0.01609615204690171,1.0772805182883152,0.0379746835443038,0.192356371638255,5.253164556962025,1.1708900234150148,1.0,1e-06,516.428902599789,650.4027153951517,0.9113924050632911,0.28599235321145144,13.097243526498126,3.7244645866560515,password,us-east,"['/resource/17', '/resource/27', '/resource/36', '/resource/47', '/resource/38']",79,usr_00178,user
22.432826086956517,7.330400844486641,0.14893481497229266,0.09139099005934148,84.80755999221192,572.0237261638396,87.12434095204307,813.7050600187259,0.0,1e-06,0.12840545685775692,1.0487760458685131,0.010869565217391304,0.10425720702853736,5.336956521739131,1.1414004691850712,1.0,1e-06,444.5203363614131,494.244439470201,0.9239130434782609,0.2665900112789531,13.768480922985669,3.8077413134871043,token,ap-southeast,"['/resource/32', '/resource/42', '/resource/53', '/resource/47', '/resource/48']",92,usr_00179,user
39.01028301886794,13.882626172412301,0.1751528985771765,0.10185073048041918,209.22001303584838,1553.1405794697343,168.76142519143482,1673.1214785902632,0.0,1e-06,-0.06620516014701583,1.0193043216713882,0.009433962264150943,0.09712858623572643,4.754716981132075,1.0493655294393665,1.0,1e-06,390.85005257075477,429.4443587917348,0.9433962264150944,0.23218173010628598,9.115000494530989,3.586592364728201,password,us-west,"['/resource/57', '/resource/12', '/resource/35', '/resource/59']",106,usr_00180,user
26.56179104477612,8.461550796445145,0.09034811845698835,0.09571230321413526,288.1157470468274,1683.7929625078727,591.2712318346507,4112.497203625813,0.0,1e-06,-0.0004963126147292795,0.9663905499676065,0.022388059701492536,0.14849712842203516,7.134328358208955,1.5978888552167372,1.0,1e-06,307.3980309966418,406.9718073026364,0.9104477611940298,0.2866106464598323,14.302005171421545,3.510829754342451,biometric,us-east,"['/resource/23', '/resource/17', '/resource/34', '/resource/40', '/resource/26', '/resource/6', '/resource/13', '/resource/24', '/resource/51']",134,usr_00183,user
6.1023831775700925,2.100232587812161,0.09721565730677065,0.039219012686471204,684.4685147353294,2907.733910385312,971.1938423507528,7366.787975067884,0.0,1e-06,-0.015815758844726528,1.0227595167259755,0.03271028037383177,0.1782943185445715,6.509345794392523,1.3170626523061082,1.0,1e-06,194.74762383224297,274.8190607341997,0.9532710280373832,0.21155261368879985,13.021385769970912,3.823469182094802,password,ap-south,"['/resource/31', '/resource/15', '/resource/55', '/resource/7', '/resource/3', '/resource/60', '/resource/45', '/resource/14']",214,usr_00185,user
40.61322580645161,15.344901728140306,0.250113101801429,0.09224891263716503,314.3455464922694,1606.5446516096458,93.19549386358952,528.3805711711437,0.0,1e-06,0.06082324783803349,1.0585566458776017,0.0,1e-06,3.6774193548387095,0.5548460484201049,1.0,1e-06,445.42164089480275,493.21325519603533,0.956989247311828,0.20398095044388959,14.001572997708706,3.488176813309698,password,ap-southeast,"['/resource/2', '/resource/14', '/resource/10']",93,usr_00186,user
6.239850746268657,2.2681104006608463,0.09684149515492592,0.057669863509785764,463.7755481236557,2358.4875225646874,1813.8085130684785,12403.107494930284,0.0,1e-06,0.06883866309854149,1.078393684264509,0.029850746268656716,0.17081399581080126,6.313432835820896,1.1724783240073504,1.0,1e-06,302.8057715847015,384.12305802620995,0.9253731343283582,0.26377438729548713,13.074887202689283,3.3379475420419995,password,us-west,"['/resource/49', '/resource/25', '/resource/48', '/resource/6', '/resource/9', '/resource/33', '/resource/51', '/resource/58']",134,usr_00187,user
32.33379310344827,11.956657699877708,0.09079995977396603,0.06010095783701332,0.0,1e-06,0.0,1e-06,0.0,1e-06,0.05689793441763832,1.0570332248432164,0.011494252873563218,0.10721125348377944,6.735632183908046,1.384799289586951,1.0,1e-06,478.52535660421444,510.6973169450968,0.8505747126436781,0.35857390766770914,8.747628731912116,3.0984244539963437,token,eu-west,"['/resource/51', '/resource/18', '/resource/25', '/resource/32', '/resource/23', '/resource/29', '/resource/28', '/resource/15']",87,usr_00188,user
17.53,4.711206914181894,0.11682814080859422,0.07901975788078812,417.11436982730817,2105.9193734047867,174.74518436550576,1206.1440385236504,0.0,1e-06,0.2587913602006347,1.0705073224973554,0.0,1e-06,5.634615384615385,1.2838185406235838,1.0,1e-06,690.3396000634615,731.0778485161189,0.8461538461538461,0.3643213074786545,14.868225214222138,3.2544857847310893,password,ap-southeast,"['/resource/46', '/resource/10', '/resource/58', '/resource/6', '/resource/51', '/resource/41']",52,usr_00189,user
7.764904458598726,2.722489961099355,0.09211570259917391,0.044315496734221055,553.215721379374,2108.12148209654,1125.4691090380516,7065.430288413658,0.0,1e-06,0.03190205472465225,1.004651074107481,0.01592356687898089,0.12537970655823732,6.773885350318471,1.1118672373924048,1.0,1e-06,134.5310931097134,211.14579105054113,0.964968152866242,0.18415379113889127,8.802534089885286,4.017452897676856,token,eu-west,"['/resource/9', '/resource/54', '/resource/33', '/resource/6', '/resource/60', '/resource/12', '/resource/7', '/resource/29', '/resource/36']",314,usr_00190,user
32.55811518324607,11.009068730982884,0.09445566464381679,0.03448836645757394,622.3132864743638,2835.538762970432,3423.8965388607,41426.77709361232,0.0,1e-06,0.13813535177016806,0.8686227077559635,0.015706806282722512,0.12466543819257395,6.329842931937173,1.2100889382015168,1.0,1e-06,211.6484828082897,286.26630954923866,0.9528795811518325,0.2124532918371829,10.187723023957343,3.7972870456988486,password,ap-southeast,"['/resource/36', '/resource/27', '/resource/25', '/resource/19', '/resource/47', '/resource/6', '/resource/50']",191,usr_00191,user
35.204,13.456005459859915,0.1381395358420475,0.0674091036652383,361.5741415729752,2199.092618108669,311.6963742431799,2649.815208189097,0.0,1e-06,0.15444866445697494,1.074587335865935,0.02727272727272727,0.16362246257329338,5.572727272727272,1.0619273710810968,1.0,1e-06,381.22410830515145,483.0365315533434,0.9363636363636364,0.24522121551186035,14.242066621946927,3.3444928534098466,password,ap-southeast,"['/resource/1', '/resource/9', '/resource/54', '/resource/40', '/resource/26']",110,usr_00193,user
43.74492063492064,15.312309498276834,0.14196201088191351,0.08745685151434196,553.6574809915593,2468.310606323273,473.66490224989445,3281.855794704877,0.0,1e-06,-0.08154364455787194,1.0357688926630326,0.06349206349206349,0.24580452980260506,5.222222222222222,1.2500896025233221,1.0,1e-06,653.9386352455026,648.7142793485559,0.8412698412698413,0.3683594495540746,13.916761662516375,3.5022660961490035,password,ap-south,"['/resource/12', '/resource/31', '/resource/21', '/resource/45', '/resource/39']",63,usr_00194,user
28.831358024691358,9.35186011365161,0.1337719654033319,0.04272094204936155,48.16231802026849,432.11261362184786,10.247639837689185,111.8465800598122,0.0,1e-06,-0.04884287368162125,0.9558302701105214,0.018518518518518517,0.1352348875483466,5.753086419753086,0.8990106943246469,1.0,1e-06,258.9141452604938,365.43147781842214,0.9567901234567902,0.20395972785105848,9.592044637320264,3.3824877025964986,token,ap-southeast,"['/resource/53', '/resource/37', '/resource/24', '/resource/51', '/resource/18', '/resource/26']",162,usr_00195,user
9.474835164835167,3.1637770544564687,0.08926286070047287,0.0553176018927898,0.0,1e-06,0.0,1e-06,0.0,1e-06,0.013955851580299964,1.2650671792548802,0.02197802197802198,0.14742395237484895,6.516483516483516,1.4326559435199553,1.0,1e-06,464.78134739633697,563.7862308787111,0.8791208791208791,0.3277927812629611,14.179687831730861,3.4744692948109117,password,us-east,"['/resource/27', '/resource/5', '/resource/53', '/resource/57', '/resource/45', '/resource/44', '/resource/19', '/resource/51', '/resource/54']",91,usr_00196,user
26.284113475177303,9.784639862773401,0.17981795117796626,0.10433997150504015,992.8638307846554,3550.4684810574963,495.21975224083593,2710.420317925874,0.0,1e-06,0.05850752319731716,0.9951424253159742,0.02127659574468085,0.14481935083717126,4.666666666666667,0.983192080250175,1.0,1e-06,299.9061495817967,382.6584446503993,0.9574468085106383,0.20256711147285467,14.12254921453489,3.5791051289438904,biometric,sa-east,"['/resource/31', '/resource/39', '/resource/51', '/resource/25', '/resource/5']",141,usr_00197,user
10.312236842105262,3.8173357545751587,0.24033718482639743,0.0872208380720799,408.62174602547265,2502.064503526732,66.30503665710403,498.8684826967843,0.0,1e-06,-0.2335854422637696,1.1804927442212034,0.0,1e-06,3.776315789473684,0.5316310552886921,1.0,1e-06,551.5638123528508,573.0819686389423,0.9473684210526315,0.22478059477960655,12.904149853625892,3.8014234223890235,token,ap-southeast,"['/resource/7', '/resource/50', '/resource/43']",76,usr_00198,user
22.32135593220339,6.887195218286872,0.09071714069575953,0.0443765967839941,1282.2951446236584,3789.818467757542,2937.6128303609225,24812.117995387787,0.0,1e-06,0.005277733949043683,1.1330845802126512,0.025423728813559324,0.1580795216295478,6.4491525423728815,1.4117786419254612,1.0,1e-06,343.42158717386997,446.7154638676483,0.9152542372881356,0.27969064676509087,10.040163367193417,3.4300021321767815,password,sa-east,"['/resource/36', '/resource/34', '/resource/15', '/resource/33', '/resource/17', '/resource/60', '/resource/7', '/resource/48']",118,usr_00199,user
33.94323529411764,12.635601142894542,0.08138592970870592,0.05053824149162352,765.2042950151541,2860.355976715948,270.06406487676577,1494.6618633833668,0.0,1e-06,0.012389985938747239,1.2100140685209515,0.04411764705882353,0.20688330616678677,6.926470588235294,1.5387160422974504,1.0,1e-06,585.2873568375002,769.5797955380315,0.8235294117647058,0.38405442985621985,13.81231924943178,2.9700355103210985,token,sa-east,"['/resource/2', '/resource/19', '/resource/31', '/resource/10', '/resource/27', '/resource/7', '/resource/8', '/resource/22']",68,usr_00200,user
4.733375,1.5965460692588305,0.1999865007803857,0.10062538596200882,97.5286939910437,612.9092277248114,25.044576607309654,199.2138827225935,0.0,1e-06,0.195151493331668,1.0843957739233967,0.0125,0.11180339887498948,4.2125,0.8373216794856733,1.0,1e-06,518.4675534408333,595.323300786781,0.9375,0.2435886759231116,8.912204412556981,3.0954685398278325,password,ap-south,"['/resource/20', '/resource/5', '/resource/52', '/resource/21']",80,usr_00201,user
41.06085271317829,15.612885054849716,0.1665074095292832,0.07245632536899684,468.09096323819693,2431.808872137029,657.5188530673063,6438.457309958088,0.0,1e-06,-0.10896857408801383,0.9598211953646968,0.03875968992248062,0.1937742232919619,5.0,0.9354143466934853,1.0,1e-06,326.0833634998708,443.61098751970474,0.9534883720930233,0.21141137018112452,14.088642148765647,3.554124791906154,password,sa-east,"['/resource/36', '/resource/22', '/resource/58', '/resource/12', '/resource/34']",129,usr_00202,user
20.59805555555555,7.127571744167431,0.1408511137499161,0.08967076821846313,0.0,1e-06,0.0,1e-06,0.0,1e-06,-0.20364692106193188,1.1749836449980804,0.05555555555555555,0.2323106841457232,4.888888888888889,1.1899046246960368,1.0,1e-06,1162.7108855351853,1120.8946347569886,0.8333333333333334,0.3779644730092272,14.795130773499224,2.8620407010002027,token,sa-east,"['/resource/40', '/resource/48', '/resource/2', '/resource/13', '/resource/29']",36,usr_00203,user
12.55264705882353,3.4459139692944984,0.1773154118691903,0.11251621413554226,1023.841499601852,2864.850485927181,128.6074683615213,523.8442315483132,0.0,1e-06,0.04465109537822971,1.1267178673831888,0.0,1e-06,4.147058823529412,1.0482988511314044,1.0,1e-06,1177.4039838274507,1265.8277092349956,0.8529411764705882,0.35949062795357095,14.305393354667366,3.5545415551418693,password,eu-west,"['/resource/52', '/resource/24', '/resource/35', '/resource/56']",34,usr_00204,user
42.12192307692308,14.340617078426064,0.10860588145409197,0.07543645239129405,597.2163980372293,3015.215187293424,271.53398684678984,1789.5406250071403,0.0,1e-06,0.08755539637996755,0.911626266435931,0.0,1e-06,5.8076923076923075,1.343662853640523,1.0,1e-06,759.1488806358974,735.9654926789719,0.8269230769230769,0.3820047143818448,12.215965509955048,3.4825608915066586,token,ap-southeast,"['/resource/40', '/resource/38', '/resource/26', '/resource/56', '/resource/23', '/resource/30']",52,usr_00205,user
21.106632653061222,8.65954332548392,0.1943817773719552,0.07549578459462024,813.2225788484226,2459.1828542892085,1827.586374537407,11595.945190673327,0.0,1e-06,0.06816200985780471,1.0945255003976675,0.02040816326530612,0.142118858106802,4.255102040816326,0.8034875590334709,1.0,1e-06,428.7367303714286,599.3764990061321,0.9489795918367347,0.22117068930131145,13.809392809527594,3.377525527247744,password,eu-west,"['/resource/24', '/resource/45', '/resource/8', '/resource/10']",98,usr_00206,user
37.11121019108281,13.18993887888088,0.15710429562882353,0.0529220035797012,529.8399082542875,2116.6318641429075,3035.8632095292014,22122.969097012086,0.0,1e-06,-0.014040155370097576,1.03024328079901,0.006369426751592357,0.07980868844676221,5.038216560509555,0.8155959777700972,1.0,1e-06,264.401154256051,419.70464298628025,0.9554140127388535,0.2070534752117342,13.151101338952483,3.419556374855456,token,ap-south,"['/resource/32', '/resource/19', '/resource/9', '/resource/12', '/resource/36']",157,usr_00207,user
23.64132743362832,9.039029213087224,0.08630230692498568,0.05571553650557307,482.01613816569306,2139.839260338041,276.32383849274896,1496.8540017632092,0.0,1e-06,-0.02420772552862888,1.147388440803641,0.035398230088495575,0.18560728221469427,6.495575221238938,1.4338004805243858,1.0,1e-06,366.60839195575227,418.63325236758493,0.9026548672566371,0.29774754916562124,14.215862748500147,3.2415493635023105,password,us-east,"['/resource/44', '/resource/25', '/resource/55', '/resource/53', '/resource/46', '/resource/33', '/resource/36', '/resource/54']",113,usr_00208,user
24.93247422680412,9.485773671544475,0.11753895348392182,0.0691911909458274,918.259928883366,3161.858428623119,322.13395613486375,1325.4814086764045,0.0,1e-06,-0.03392716418953691,1.033693164898042,0.041237113402061855,0.1998710924777453,5.628865979381444,1.3641205013737026,1.0,1e-06,381.31197082388314,441.28656338542777,0.9175257731958762,0.27651488404723595,14.661609001995139,3.5185862182638967,password,us-west,"['/resource/48', '/resource/50', '/resource/30', '/resource/19', '/resource/15', '/resource/11']",97,usr_00209,user
24.106774193548386,7.535952402417409,0.08026487237615834,0.06886128673506861,521.9449360137651,2047.0918596954705,196.52568162695462,944.4049762375533,0.0,1e-06,-0.10205114157423739,1.1514055536992474,0.053763440860215055,0.22677279367959727,7.129032258064516,1.6367106889682395,1.0,1e-06,429.4090892937276,522.1785735286039,0.8709677419354839,0.3370526488229122,9.188149229873952,3.362603810414046,password,eu-west,"['/resource/48', '/resource/7', '/resource/60', '/resource/42', '/resource/29', '/resource/16', '/resource/49', '/resource/14', '/resource/47']",93,usr_00210,user
10.949292035398228,3.681273730656997,0.2017144023040309,0.0851466782394463,1227.8650248217045,3462.761671824856,928.4451716526205,3976.9052018043844,0.0,1e-06,-0.14811866720398756,1.1125593330468404,0.035398230088495575,0.18560728221469427,4.185840707964601,0.7263985595089222,1.0,1e-06,367.11914054321534,465.0186591677962,0.9557522123893806,0.206561151917946,13.918005313254895,3.597466985843567,password,ap-south,"['/resource/48', '/resource/38', '/resource/23', '/resource/52']",113,usr_00211,user
36.01276190476191,12.758832121562973,0.077865143188945,0.052472250629789885,886.8048274722893,2700.6741188588685,282.6884329969802,1402.5370270776548,0.0,1e-06,0.10178226056026735,1.203821823009922,0.01904761904761905,0.13734798456646116,6.619047619047619,1.28886467915455,1.0,1e-06,397.7111756338095,475.56332181066324,0.8857142857142857,0.3196839098200005,13.324950377429513,3.652813987175652,token,eu-west,"['/resource/27', '/resource/10', '/resource/49', '/resource/51', '/resource/4', '/resource/60', '/resource/16', '/resource/9', '/resource/42', '/resource/53']",105,usr_00213,user
20.816689189189187,6.775939866380715,0.13790032798251878,0.04937172186110135,420.16944321293244,2148.9569478784733,514.7517264796593,3548.7784933992043,0.0,1e-06,0.333804656750865,0.8737985164768327,0.006756756756756757,0.08219949365267865,5.506756756756757,1.1458094107382557,1.0,1e-06,248.24510031903156,346.83609434763287,0.9594594594594594,0.1978929270847799,9.04378583053489,3.5635765442600933,token,ap-south,"['/resource/29', '/resource/25', '/resource/41', '/resource/27', '/resource/60']",148,usr_00214,user
36.73177570093458,12.025841029945356,0.08728707627372637,0.04898913176377776,860.0268097197693,2788.286774062773,551.8607084667609,2646.5218280701883,0.0,1e-06,0.08105262251628734,0.91137216344694,0.0,1e-06,6.457943925233645,1.290607388320794,1.0,1e-06,372.51310367211846,410.53704485299806,0.897196261682243,0.3051315657855203,8.757570417756767,3.611641950754536,password,ap-south,"['/resource/56', '/resource/45', '/resource/30', '/resource/57', '/resource/41', '/resource/55', '/resource/47', '/resource/23', '/resource/50']",107,usr_00215,user
5.7313,2.1202542514776597,0.0836672187014719,0.044215746024162096,679.6676013882693,2977.5440972974984,145.48606728961687,761.4112008879121,0.0,1e-06,0.0488976333782142,1.102251164911107,0.02,0.14070529413628965,6.41,1.4913555626145678,1.0,1e-06,401.8212627408334,488.7497541776747,0.89,0.31446603773522014,10.070108394616751,3.7024609024428594,token,us-west,"['/resource/22', '/resource/51', '/resource/44', '/resource/58', '/resource/36', '/resource/19', '/resource/9', '/resource/56', '/resource/37']",100,usr_00216,user
37.90464646464647,13.726815876540023,0.19372893050461448,0.07984121264823359,889.8658167657834,3034.815410956024,1220.0367432782473,10549.919972537467,0.0,1e-06,0.2616900993883097,1.1640106862091661,0.04040404040404041,0.19790700347467466,4.424242424242424,0.729703729240527,1.0,1e-06,426.4785115749158,499.46042159766415,0.9494949494949495,0.22009911374694652,9.553881693456505,3.579056926325251,password,us-east,"['/resource/30', '/resource/45', '/resource/1', '/resource/13']",99,usr_00217,user
21.282360248447205,7.466418863445175,0.10530090467702007,0.0421645754116673,886.3664641134923,2857.530890590653,1698.8519454298469,11865.223656100661,0.0,1e-06,-0.010482956083813472,0.9432552583841758,0.018633540372670808,0.13564888911455344,6.46583850931677,1.1237829856150003,1.0,1e-06,261.07324820724637,365.7049391276875,0.9440993788819876,0.2304465015184909,9.914069594277912,3.4483651508139186,password,us-east,"['/resource/41', '/resource/11', '/resource/26', '/resource/42', '/resource/4', '/resource/24', '/resource/20']",161,usr_00218,user
31.329806451612896,11.026826715142642,0.14519293655713222,0.06519218285526802,163.05321848090423,973.582445866184,208.93765307631773,1421.2219020918335,0.0,1e-06,-0.026567040260712403,0.9698674079264681,0.016129032258064516,0.12617544212909043,5.467741935483871,0.9673930191889593,1.0,1e-06,135.51508512741935,227.9065463829649,0.9774193548387097,0.14880250680665594,9.042059836004968,3.5276191464182958,certificate,us-east,"['/resource/29', '/resource/9', '/resource/38', '/resource/34', '/resource/1', '/resource/44']",310,usr_00219,user
16.45,5.205813747551245,0.1480377847633678,0.07516937302923381,761.2109536605659,3431.5825986067575,186.87747289304076,988.3901779766504,0.0,1e-06,-0.054238504869259775,1.0662444709623946,0.0,1e-06,5.031746031746032,1.149589744048326,1.0,1e-06,646.6804595949735,731.5919723583451,0.9047619047619048,0.2959013411369336,8.262207248109828,3.1239493950604476,certificate,sa-east,"['/resource/15', '/resource/25', '/resource/7', '/resource/6', '/resource/52']",63,usr_00220,user
22.234294871794873,8.032141150565662,0.16342479498650386,0.04369836458406328,548.9792129060312,2375.4276805209215,2407.7558978178918,27119.789011473855,0.0,1e-06,0.021024430820811266,1.0105736303866875,0.028846153846153848,0.16764286622487704,5.032051282051282,0.8052869656465028,1.0,1e-06,135.06582745608975,231.37718795645264,0.9807692307692307,0.13755578096385773,9.797571051078627,3.4382488822680592,token,ap-south,"['/resource/5', '/resource/1', '/resource/37', '/resource/40', '/resource/34']",312,usr_00221,user
14.72315789473684,5.589491146624662,0.0816721709121188,0.06117024232449677,237.5274191507433,1793.2926884252706,8.092381888488115,61.09614344506892,0.0,1e-06,-0.12780867130085338,0.9307816271665543,0.0,1e-06,6.2631578947368425,1.5414083980645947,1.0,1e-06,691.1003794187134,807.0728791615246,0.8070175438596491,0.3981473386299918,9.789672405184646,3.74423361286251,token,ap-south,"['/resource/25', '/resource/58', '/resource/23', '/resource/21', '/resource/47', '/resource/28', '/resource/7', '/resource/9']",57,usr_00222,user
29.4595,11.10225746366358,0.1299537706215233,0.13855585697683057,1988.657778651363,4933.295358348417,292.01620538895224,919.6920834023091,0.0,1e-06,-0.549738545796729,2.4067834742014167,0.05,0.22360679774997894,5.25,2.1490511982341367,1.0,1e-06,1696.5718653725003,1378.8715960031902,0.65,0.48936048492959283,10.063922050705186,3.097442124158619,password,ap-southeast,"['/resource/55', '/resource/39', '/resource/57', '/resource/14', '/resource/43']",20,usr_00223,user
18.28109589041096,7.294370082019084,0.08494051020091826,0.07478012685823207,1766.483743601243,4384.566967000706,2054.780025040835,10359.866755300076,0.0,1e-06,-0.1899168858402265,2.222484326025643,0.0136986301369863,0.11704114719613057,6.424657534246576,1.471184407762615,1.0,1e-06,573.6137737666667,765.8773363831968,0.8493150684931506,0.36021725222088496,13.388881596689938,2.994977964561441,token,us-west,"['/resource/5', '/resource/41', '/resource/24', '/resource/1', '/resource/32', '/resource/9', '/resource/25', '/resource/34', '/resource/21']",73,usr_00224,user
41.06395833333333,13.738911878552951,0.2429780395062385,0.06840246626396407,862.0179612148202,3018.0154062130873,1442.4885063223685,9632.274346561468,0.0,1e-06,0.036730885184622586,0.967103122869144,0.006944444444444444,0.08333333333333334,3.9097222222222223,0.6248154350640899,1.0,1e-06,282.9044589710648,389.63226457621806,0.9722222222222222,0.1649091483060512,9.166465185085366,3.375859477314343,password,us-east,"['/resource/3', '/resource/1', '/resource/14']",144,usr_00225,user
43.28928571428571,15.601021340652022,0.08312522532511704,0.036036408466911064,421.48004699544794,2296.2284009189984,727.4884783708513,5043.738532515383,0.0,1e-06,-0.06902749094756415,0.9358220076481616,0.014285714285714285,0.11887852814821145,6.882142857142857,1.2343801344951448,1.0,1e-06,150.85656679267856,241.82750887349712,0.9571428571428572,0.20289759662406506,10.029078762876635,3.667683295235729,password,sa-east,"['/resource/51', '/resource/6', '/resource/10', '/resource/41', '/resource/35', '/resource/18', '/resource/26', '/resource/40', '/resource/58', '/resource/56']",280,usr_00226,user
8.885588235294119,2.8345787980311266,0.17138241110274063,0.09310981043608499,220.46458567934994,1084.6195700967003,7.749614300494324,48.1158516117725,0.0,1e-06,0.08205331363020184,1.0777276420758704,0.029411764705882353,0.1702139334575991,4.970588235294118,1.1966444157601597,1.0,1e-06,593.2336609176472,806.1840117200481,0.8676470588235294,0.3413936216694646,13.31581942321907,2.659777926923827,token,ap-south,"['/resource/55', '/resource/6', '/resource/4', '/resource/47']",68,usr_00227,user
24.936829268292687,8.678510705229076,0.161157834317064,0.06390433602997905,462.4282587282466,1914.7702227915054,762.7141921031704,6886.675869692963,0.0,1e-06,0.13216823616949228,1.0605295979412543,0.032520325203252036,0.17810290585867264,4.861788617886178,0.8808081539879615,1.0,1e-06,339.98556940867206,442.5842334197615,0.9512195121951219,0.2162898228881933,13.171643461458723,3.7891663967311433,token,eu-west,"['/resource/9', '/resource/32', '/resource/11', '/resource/46', '/resource/1']",123,usr_00228,user
14.338055555555558,5.752045012462683,0.132291301441675,0.15445532901882789,828.3091532805886,2475.035652477921,147.97245298815113,557.8189586753291,0.0,1e-06,0.31283003699779016,1.0562165258478158,0.0,1e-06,5.722222222222222,1.8300837000548222,1.0,1e-06,1172.222090564352,1359.2462042070765,0.75,0.43915503282683993,8.923182140078701,2.863575110866119,biometric,us-west,"['/resource/8', '/resource/18', '/resource/28', '/resource/52', '/resource/22', '/resource/47', '/resource/57']",36,usr_00229,user
13.407518518518518,4.428963743548058,0.08908849720463233,0.036232950233359915,350.640540464073,2063.7237472042825,924.4610992137272,10015.63538880823,0.0,1e-06,-0.05439093733565696,1.0093261544133219,0.014814814814814815,0.12103550649189666,6.777777777777778,1.220437283243025,1.0,1e-06,155.37161322567903,251.86430393560713,0.9592592592592593,0.19805609069818148,8.925228681992355,3.555643741477497,token,ap-south,"['/resource/32', '/resource/17', '/resource/24', '/resource/55', '/resource/37', '/resource/57', '/resource/56', '/resource/4', '/resource/50']",270,usr_00230,user
13.05122905027933,4.699263227937277,0.13725980055207526,0.0588682355882243,791.8604286310468,3214.080817400409,707.2072825735104,3327.695828892507,0.0,1e-06,-0.009385951321990684,1.2058751554686489,0.0335195530726257,0.1804937466868522,5.5474860335195535,1.0922257676931222,1.0,1e-06,233.28015577150836,322.61616627024006,0.9608938547486033,0.19439125643917543,14.40229713106443,3.570461515320483,password,us-east,"['/resource/36', '/resource/24', '/resource/55', '/resource/3', '/resource/10', '/resource/12']",179,usr_00231,user
13.4535,5.010550160550476,0.18822372688394645,0.09138799180637197,0.0,1e-06,0.0,1e-06,0.0,1e-06,0.05229088464189393,1.0722894200274646,0.0125,0.11180339887498948,4.775,1.2010016916270931,1.0,1e-06,500.6456927620833,501.6120601675201,0.9375,0.2435886759231116,9.849895900077383,3.684967345327636,token,eu-west,"['/resource/4', '/resource/8', '/resource/33', '/resource/58']",80,usr_00232,user
4.3606926406926405,1.5247849302050396,0.19832631932399192,0.0688560373837653,382.5544145773718,2075.475456133498,264.0803582274349,1732.3725116612754,0.0,1e-06,0.028894940556875345,1.0150700500271952,0.017316017316017316,0.13072932425661432,4.606060606060606,0.6696901137726677,1.0,1e-06,178.35676720122655,282.95871130231683,0.9783549783549783,0.14583753455807527,13.795687446238475,3.156674301174039,password,ap-south,"['/resource/20', '/resource/50', '/resource/55', '/resource/6']",231,usr_00233,user
21.499402985074628,7.240519362710872,0.08288936812726255,0.05364534135013906,651.3672874685545,2625.379071260416,1357.735755804298,9981.375368360432,0.0,1e-06,0.050146031311027184,1.1209555279770043,0.024875621890547265,0.15613490786091472,6.91044776119403,1.379108515856335,1.0,1e-06,206.6655602481758,315.0610587107766,0.9154228855721394,0.27894613328316964,10.349708789916708,3.2867221267907456,biometric,us-west,"['/resource/48', '/resource/55', '/resource/49', '/resource/25', '/resource/47', '/resource/20', '/resource/34', '/resource/1', '/resource/43', '/resource/22']",201,usr_00235,user
41.6362,14.646540652690282,0.11849273405580284,0.06241995836571035,1068.8254955882137,3344.636281687091,1807.001317726843,11311.774171271392,0.0,1e-06,0.03246930726008,0.9384387258887666,0.02,0.14070529413628965,6.05,1.1492202011394816,1.0,1e-06,413.2359941438333,547.5279953139112,0.92,0.2726599243442907,14.123378868626478,3.064066722710846,password,sa-east,"['/resource/15', '/resource/59', '/resource/24', '/resource/34', '/resource/45', '/resource/27', '/resource/55']",100,usr_00236,user
14.33625,4.747200541944367,0.15672788121125558,0.06443238975679486,307.4121159013824,2205.99297711151,5392.2378926670635,54921.14087816197,0.0,1e-06,-0.08804026556560239,1.1483208551760131,0.057692307692307696,0.23428979967449734,4.846153846153846,0.9731265872137832,1.0,1e-06,402.4015657966346,497.535265374918,0.9423076923076923,0.2342897996744973,10.278540755215904,3.2127850906632336,password,ap-southeast,"['/resource/38', '/resource/5', '/resource/28', '/resource/4', '/resource/37']",104,usr_00237,user
8.590394736842105,2.960389812525584,0.10047259603991004,0.054669973514849105,675.5393458059139,2885.1145829983134,128.78938325154584,909.8759827184731,0.0,1e-06,-0.003960888568151732,1.0303606022579936,0.05263157894736842,0.22478059477960657,5.697368421052632,1.2963511545061677,1.0,1e-06,551.4390433938597,630.7455531916256,0.881578947368421,0.3252529380101132,9.38077614366169,3.3449327457864015,password,ap-south,"['/resource/15', '/resource/18', '/resource/50', '/resource/55', '/resource/5', '/resource/9', '/resource/7']",76,usr_00238,user
39.06375796178344,13.251570996078875,0.19032783218958949,0.05496687195937342,471.23697045330493,2294.427646864489,1689.7920155084157,18335.83497402003,0.0,1e-06,0.15889147584329052,1.081697673355497,0.03184713375796178,0.17615487669854818,4.611464968152866,0.6947576733843545,1.0,1e-06,265.6733238081741,370.1700561407108,0.9681528662420382,0.17615487669854818,12.878188168476068,3.235169600915984,password,ap-south,"['/resource/30', '/resource/20', '/resource/29', '/resource/14']",157,usr_00239,user
20.96128787878788,6.915485047573362,0.2593824695494108,0.1225280703003318,115.69072469962052,936.281705689144,45.44666524507006,482.67733603122304,0.0,1e-06,0.0761913294094241,1.06498899387093,0.03787878787878788,0.1916303307640744,3.7045454545454546,0.589198399219909,1.0,1e-06,319.3360219343435,417.9370648934301,0.9696969696969697,0.17207285601455774,13.04829926446465,3.571348018528166,password,sa-east,"['/resource/16', '/resource/10', '/resource/46']",132,usr_00240,user
22.69904458598726,8.330815423462113,0.15222673025365005,0.06270804587722185,915.3340112247447,2766.110285482421,1934.4424650926876,12885.637751716546,0.0,1e-06,0.1520331058194674,0.9587928884284075,0.05732484076433121,0.2332061434450631,5.414012738853503,1.4851598635667145,1.0,1e-06,229.10666606847136,338.7608421062893,0.9617834394904459,0.19233218854272038,8.736582873946475,3.380119552108405,certificate,eu-west,"['/resource/36', '/resource/29', '/resource/16', '/resource/58', '/resource/48']",157,usr_00241,user
31.45785714285714,12.03129233449571,0.20292061527014305,0.10896468770944516,554.5580838917128,2934.445555035933,25.662922762840548,135.7954230910694,0.0,1e-06,-0.24581104731862943,2.4140320120434495,0.0,1e-06,3.892857142857143,0.956044540814477,1.0,1e-06,1473.535176598214,1578.3791553212418,0.8571428571428571,0.3563483225498991,12.243654300418264,3.342175994183599,biometric,us-east,"['/resource/53', '/resource/26', '/resource/9']",28,usr_00242,user
9.144975609756097,3.2068287469316625,0.1201728030408282,0.06005788109385484,671.05485143312,2935.724480005828,1896.105703097199,17026.850147100373,0.0,1e-06,-0.0016765271739254183,0.9855823872317376,0.0,1e-06,6.209756097560976,1.2563183213396656,1.0,1e-06,192.00335786780488,277.6651744071975,0.9609756097560975,0.19412706671057198,13.21944113670504,3.489483167661616,biometric,ap-southeast,"['/resource/5', '/resource/52', '/resource/58', '/resource/9', '/resource/6', '/resource/42']",205,usr_00243,user
22.65125523012552,7.642206725014785,0.09624738164208575,0.037970921692037585,449.90975806958863,2169.6318781704163,2088.8779098122486,14702.716437583227,0.0,1e-06,-0.05046378348529183,1.0785372511984799,0.02092050209205021,0.1434186076312028,6.690376569037657,1.2248955813990987,1.0,1e-06,174.7180901156206,261.6717049995737,0.9581589958158996,0.2006459103415829,12.94707181149898,3.573065694529447,password,us-west,"['/resource/55', '/resource/18', '/resource/2', '/resource/25', '/resource/32', '/resource/14', '/resource/44', '/resource/12']",239,usr_00244,user
20.028761061946902,7.246205920137912,0.13956313633560335,0.07036462202276916,575.8393070182308,2442.574285641681,182.95179217110604,1020.8296265741488,0.0,1e-06,0.09353759407130532,1.120795359187,0.035398230088495575,0.18560728221469427,5.097345132743363,1.0687492837918362,1.0,1e-06,366.34665059793514,493.23722631630324,0.9380530973451328,0.24213285316964073,13.641382939204764,3.3865925401115113,password,ap-southeast,"['/resource/31', '/resource/4', '/resource/27', '/resource/36', '/resource/57']",113,usr_00245,user
11.19628205128205,4.031626452919788,0.0796712844040229,0.04325230519732619,382.1842766700871,1938.6704431380235,583.1386350738148,4798.098368655391,0.0,1e-06,-0.0038537467060689667,1.0284640010009973,0.022435897435897436,0.14833425275379933,6.990384615384615,1.241007724850558,1.0,1e-06,133.3623252332265,210.53768127842807,0.9391025641025641,0.23952625213041298,12.927713749275487,3.6863263503575987,password,us-west,"['/resource/46', '/resource/32', '/resource/25', '/resource/58', '/resource/51', '/resource/21', '/resource/35', '/resource/37', '/resource/33', '/resource/60']",312,usr_00246,user
15.319083333333333,5.463679312041077,0.12350919626536652,0.04917039827700656,648.016295801182,2873.696048339735,951.5635370864288,5496.831707121291,0.0,1e-06,-0.017620927775751447,1.0280682232204668,0.016666666666666666,0.1282866386095846,6.066666666666666,1.0287363441766053,1.0,1e-06,175.64925939993057,283.30774149558,0.9666666666666667,0.17988063607766208,9.80771884254146,3.3468288825149415,certificate,us-east,"['/resource/23', '/resource/38', '/resource/34', '/resource/15', '/resource/50', '/resource/16', '/resource/7']",240,usr_00247,user
42.732551724137934,14.349013699133854,0.09834730930080327,0.05343231696727722,585.0666424968582,2302.17558219087,871.3375573729919,4383.325220968526,0.0,1e-06,-0.06692243704695025,1.0973228962108474,0.020689655172413793,0.14283661593084146,6.675862068965517,1.274116025921336,1.0,1e-06,285.3548786834483,389.942400983719,0.9310344827586207,0.2542738138578039,13.012300541673788,3.7925591786139727,token,us-west,"['/resource/12', '/resource/45', '/resource/58', '/resource/2', '/resource/48', '/resource/38', '/resource/52', '/resource/16']",145,usr_00248,user
17.73902222222222,6.419369887611109,0.0872926634725919,0.03663720185035158,927.6574462448855,3139.4920679180814,835.4475855078829,3529.3883647517737,0.0,1e-06,0.018420015549746392,1.0459165337756613,0.017777777777777778,0.13243746652546073,6.795555555555556,1.2111748199349441,1.0,1e-06,187.9942967268148,292.90186678550293,0.9511111111111111,0.21611651766199916,8.811217060087447,3.1467462797855643,token,us-west,"['/resource/34', '/resource/55', '/resource/32', '/resource/3', '/resource/2', '/resource/15', '/resource/31', '/resource/39', '/resource/4']",225,usr_00249,user
38.98395,14.465437056781886,0.16239089112868255,0.05236683137782117,371.3862555713629,1842.2986902578286,928.3567760577909,8388.33545562663,0.0,1e-06,-0.10607981150547566,1.1107272420063068,0.02,0.1403513179927839,5.2,0.9615732502404014,1.0,1e-06,212.72333883750002,336.6065629965226,0.97,0.17101529509309654,8.527739962406692,3.492762801149005,certificate,eu-west,"['/resource/50', '/resource/10', '/resource/46', '/resource/2', '/resource/38']",200,usr_00250,user
12.023913043478261,3.493073326573912,0.07598867749747894,0.07837692925852104,864.3552731119954,2866.9708591533076,22.837515619595695,87.417288875777,0.0,1e-06,0.5463700081299906,1.1696631844838539,0.043478260869565216,0.20851441405707477,5.826086956521739,1.8501148345942666,1.0,1e-06,1526.464461150725,1608.666962512901,0.6086956521739131,0.4990108793478453,14.623625559459786,3.7817584924639482,biometric,eu-west,"['/resource/28', '/resource/11', '/resource/47', '/resource/41', '/resource/20', '/resource/32']",23,usr_00251,user
46.228888888888896,15.428786494217388,0.11738254914541676,0.0625128030409589,496.742203722802,2096.0385976072416,143.18973171261948,661.0871754011475,0.0,1e-06,0.2693863472348606,1.0543045222487109,0.022222222222222223,0.1482313540789697,6.177777777777778,1.547580770815292,1.0,1e-06,420.6379725375926,539.5055765699475,0.9222222222222223,0.26932198589215445,8.931683914932865,3.1624226295960036,biometric,eu-west,"['/resource/25', '/resource/20', '/resource/19', '/resource/12', '/resource/45', '/resource/9']",90,usr_00252,user
41.6535294117647,14.379066036877335,0.2639605098015685,0.10807331170853882,1173.6768189326292,3695.0941828508135,935.1780916767597,4837.569165925132,0.0,1e-06,-0.05463506472339045,1.0052220563280547,0.006535947712418301,0.08084520834544434,3.6666666666666665,0.5619514869490163,1.0,1e-06,265.5495156957516,338.66521133695085,0.9738562091503268,0.16008683574123195,9.042929676185123,3.92009695613279,password,ap-southeast,"['/resource/40', '/resource/15', '/resource/52']",153,usr_00253,user
4.44719696969697,1.587123717577091,0.11433814340063404,0.0513166146773934,392.11002449294483,2151.8580310447765,4479.286102828829,60321.40205479806,0.0,1e-06,0.028438468127562466,1.0541278368174354,0.022727272727272728,0.14931575703520905,6.208333333333333,1.0272738233977716,1.0,1e-06,159.73130408800506,251.27236557632796,0.9659090909090909,0.18180737956158088,14.141176442894325,3.430244027182965,password,us-west,"['/resource/53', '/resource/41', '/resource/46', '/resource/43', '/resource/6', '/resource/47', '/resource/57']",264,usr_00254,user
18.00054054054054,6.964651202060759,0.12415837879513804,0.10073117886056912,945.0942220598647,3344.413542722199,36.89266897756181,160.91465522940294,0.0,1e-06,0.04147416965931867,1.04521888771412,0.0,1e-06,5.864864864864865,1.5485147393221341,1.0,1e-06,1113.3038429702706,1144.9094644575018,0.7837837837837838,0.41734179538380073,15.2703714688294,2.9970052950020567,password,eu-west,"['/resource/29', '/resource/25', '/resource/11', '/resource/27', '/resource/47', '/resource/4']",37,usr_00255,user
42.306296296296296,11.52633711520912,0.13031931084857604,0.115390648698945,1606.6627578533353,3926.032201426904,202.07744816728209,616.3577761596639,0.0,1e-06,-0.11275212274083181,1.0901850942021978,0.037037037037037035,0.19245008972987523,5.0,1.3301243435223524,1.0,1e-06,1452.6117257882715,1947.1588936186076,0.7407407407407407,0.44657608470472243,12.410091852891705,4.116909050661157,password,ap-southeast,"['/resource/3', '/resource/21', '/resource/52', '/resource/5', '/resource/2']",27,usr_00256,user
30.847407407407413,12.195145816327146,0.1060455525649193,0.11737938493732328,144.4869540608055,750.7762363925564,8.926518339387929,46.38354989554577,0.0,1e-06,-0.07396144688880553,1.2383500163048755,0.0,1e-06,5.444444444444445,1.7394369852458083,1.0,1e-06,1384.7657613024692,1494.5909737257123,0.6666666666666666,0.48038446141526137,13.074215122356485,4.0875421448705875,password,ap-southeast,"['/resource/45', '/resource/53', '/resource/13', '/resource/36', '/resource/35', '/resource/7']",27,usr_00258,user
12.48940476190476,4.35058598772666,0.1146680612075148,0.09887508245661693,736.3577941339738,3093.6764650462906,373.36731530771436,1816.828116109871,0.0,1e-06,-0.1983281849935679,1.058679515662245,0.023809523809523808,0.1533709949008578,5.619047619047619,1.3701179432545203,1.0,1e-06,480.9785613103175,549.587434393149,0.8690476190476191,0.33937440336141056,14.077734486516437,3.33376417126132,password,us-east,"['/resource/6', '/resource/1', '/resource/28', '/resource/43', '/resource/10', '/resource/53', '/resource/24', '/resource/41']",84,usr_00259,user
7.732222222222222,2.5609393855377496,0.1306758963791181,0.07154818927089941,1244.622635871667,3764.916406386426,1262.0924966338966,5486.902193108686,0.0,1e-06,0.2631707516215805,1.0689418302340103,0.02564102564102564,0.15874173676775255,5.811965811965812,1.1957656898523215,1.0,1e-06,346.2654534118234,406.90039402980415,0.9316239316239316,0.2534756917712068,12.798720655849593,3.1248048763951304,token,sa-east,"['/resource/55', '/resource/8', '/resource/31', '/resource/20', '/resource/26', '/resource/32']",117,usr_00260,user
32.34875,14.479705919342363,0.1254865188452494,0.15531405565381848,831.3045949806789,2539.3865568079336,1929.923454291137,9914.163911041363,0.0,1e-06,-0.0060619487394765565,0.9999999149102482,0.020833333333333332,0.14433756729740643,6.0625,1.655503394548529,1.0,1e-06,804.895814114236,868.8997201438117,0.7916666666666666,0.4104140790860576,10.34049805581111,3.082407666472912,token,eu-west,"['/resource/37', '/resource/3', '/resource/58', '/resource/60', '/resource/18', '/resource/29', '/resource/17']",48,usr_00261,user
40.9690625,16.012270234392453,0.10256932900242129,0.060744674720421554,242.33744050525402,1698.739827043259,35.00077728641907,246.45270520891538,0.0,1e-06,-0.1597534047034957,1.0445198042296209,0.03125,0.17490598978639324,6.291666666666667,1.39107430401767,1.0,1e-06,403.2159509652777,473.7585043977672,0.90625,0.2930106877878258,14.45800086715005,3.6824653591527747,token,sa-east,"['/resource/25', '/resource/54', '/resource/53', '/resource/38', '/resource/49', '/resource/36', '/resource/34']",96,usr_00262,user
8.89858536585366,3.004268441959443,0.15222507483079173,0.07797751753929742,700.9782706502768,2851.820779049397,2595.83661874586,18298.20835255101,0.0,1e-06,0.04248753103796719,1.1299850086437147,0.02926829268292683,0.16897021207345753,5.341463414634147,0.9395909648634287,1.0,1e-06,206.24607335300817,286.01595428570994,0.9658536585365853,0.18204954628541642,9.903771709457637,3.7880264424535413,token,ap-southeast,"['/resource/58', '/resource/26', '/resource/6', '/resource/46', '/resource/55', '/resource/3']",205,usr_00263,user
37.491566265060236,12.492622552875122,0.17266063066384832,0.13706646702165323,578.7515174004434,2612.2966046761176,1174.698272047402,7794.618402799673,0.0,1e-06,0.03105566910144242,1.1836511133957994,0.024096385542168676,0.15428067663158054,5.373493975903615,1.265979264014418,1.0,1e-06,507.6600139791164,568.4775039321886,0.9156626506024096,0.27958240973264575,10.421448572271467,3.2664566783452655,password,us-west,"['/resource/59', '/resource/13', '/resource/28', '/resource/3', '/resource/6']",83,usr_00264,user
8.453809523809523,3.0179150186689876,0.09204856775357478,0.07780208603040553,495.2039326423787,1711.6673997742878,165.76471288420538,1047.1074529879168,0.0,1e-06,0.0826707310062968,1.0906131422462948,0.0,1e-06,6.603174603174603,1.508467311648595,1.0,1e-06,664.587927123545,696.1067945341961,0.8412698412698413,0.3683594495540745,14.0445407831653,3.4793042802781624,password,us-east,"['/resource/45', '/resource/1', '/resource/21', '/resource/40', '/resource/30', '/resource/34', '/resource/55', '/resource/36']",63,usr_00265,user
37.80791208791208,14.198564600102953,0.17258397645361465,0.07692420751776789,897.5096910601451,3444.852867388325,630.2463508589557,3353.4286032378736,0.0,1e-06,0.12641127190430873,1.0718158067261083,0.0,1e-06,5.065934065934066,1.2978803043783675,1.0,1e-06,440.7633472435897,497.2223247567683,0.945054945054945,0.22913544575873138,13.137124991721565,3.4757900570233367,password,ap-southeast,"['/resource/56', '/resource/57', '/resource/35', '/resource/51']",91,usr_00266,user
5.591025641025642,2.0415587374044875,0.12514343459102653,0.21867261704998814,819.7656424036863,3572.0380945465213,87.78226073324927,494.0459979662802,0.0,1e-06,-0.2347574719562138,0.991705426672864,0.0,1e-06,6.256410256410256,2.2327461108871094,1.0,1e-06,1035.1323170303415,1141.6359415045222,0.717948717948718,0.45588075245489307,10.067249150489742,3.3718523523779584,password,ap-southeast,"['/resource/3', '/resource/44', '/resource/10', '/resource/45', '/resource/53', '/resource/26', '/resource/39', '/resource/22']",39,usr_00267,user
43.01281045751634,15.196316678722559,0.24418240156251364,0.047377759912401604,515.6202695874364,1927.814047412956,2493.00016759105,32563.495403180026,0.0,1e-06,0.0177810040112777,1.0117686171811249,0.02287581699346405,0.14975246549376567,3.764705882352941,0.5280922160201021,1.0,1e-06,138.4685787598584,225.5520988298426,0.9869281045751634,0.11376871012833202,8.919821050676285,3.403801481438521,password,eu-west,"['/resource/54', '/resource/18', '/resource/32']",306,usr_00268,user
37.99008695652173,14.078750473840103,0.09259370925191598,0.06005066874825817,733.665050396808,2755.828451489349,612.4369300411508,2840.997444305194,0.0,1e-06,0.06866625531969657,1.5203172755198249,0.008695652173913044,0.09325048082403137,6.504347826086956,1.4103247917790558,1.0,1e-06,363.95120475768124,437.33113049755644,0.8956521739130435,0.3070491429744968,12.856032906761989,3.51761541851314,token,sa-east,"['/resource/14', '/resource/39', '/resource/47', '/resource/32', '/resource/42', '/resource/27', '/resource/59', '/resource/29']",115,usr_00269,user
40.41516666666667,13.88896849065701,0.08011184542478063,0.07939193610702269,745.9087629077775,2951.6392571874585,874.4606080854385,3513.5678969403953,0.0,1e-06,0.5823369786545664,1.092169110251941,0.0,1e-06,7.0,2.03361579958924,1.0,1e-06,547.4676066447223,611.5978613657545,0.8666666666666667,0.34280333180088157,10.123074631087247,2.9173447336236515,password,us-east,"['/resource/2', '/resource/34', '/resource/55', '/resource/9', '/resource/13', '/resource/37']",60,usr_00270,user
14.328981481481481,4.891360864059981,0.11089931278976142,0.07037580287005528,1067.8645951640979,3364.078108185523,809.2909984893801,4394.837105702985,0.0,1e-06,0.046896511588377696,1.1041217759821083,0.009259259259259259,0.0962250448649376,6.638888888888889,1.4106294302218778,1.0,1e-06,366.3068448962963,461.80034628669085,0.9166666666666666,0.27767391620085197,9.131360661363978,3.3407095913416174,password,us-east,"['/resource/33', '/resource/18', '/resource/24', '/resource/53', '/resource/44', '/resource/8', '/resource/41']",108,usr_00271,user
10.90011111111111,3.6688688807206096,0.10036219609134787,0.0852244848533259,779.3396357375894,2646.5327763710634,864.4628141524005,6707.621598499254,0.0,1e-06,-0.034444494233903576,1.0193961833962049,0.022222222222222223,0.1482313540789697,6.1,1.2812388667644554,1.0,1e-06,463.23362736814823,558.6831887818831,0.8777777777777778,0.3293772734489573,8.426319616211051,3.2291776321143764,token,us-west,"['/resource/11', '/resource/58', '/resource/6', '/resource/54', '/resource/2', '/resource/23', '/resource/45', '/resource/48']",90,usr_00272,user
23.621428571428574,7.9596085290991505,0.1245809759734115,0.09739491277957207,934.7506959560292,3314.4738980596735,1613.731997178398,13783.63873090833,0.0,1e-06,0.24580928574154776,0.7313459526829483,0.02197802197802198,0.14742395237484895,5.758241758241758,1.6689361837254248,1.0,1e-06,373.56590694267396,428.7031706990533,0.9230769230769231,0.2679456508228335,8.880910950775153,3.372456076335843,password,us-west,"['/resource/18', '/resource/27', '/resource/33', '/resource/55', '/resource/42']",91,usr_00273,user
21.201917808219182,7.340395587571529,0.24077272160493263,0.12467229210029487,2222.3162928176152,5327.854963920124,570.5612317073957,2622.586233657092,0.0,1e-06,0.2280040115166139,1.1080737547024497,0.0,1e-06,3.7534246575342465,0.7597664465297546,1.0,1e-06,565.4345208847031,550.9096763966744,0.9452054794520548,0.22915369411186495,12.767089097964517,3.964107810172562,password,ap-southeast,"['/resource/46', '/resource/39', '/resource/20']",73,usr_00274,user
11.649615384615384,3.9592539507025624,0.046718745755089566,0.038110981861520385,834.2287396546163,2947.083494579057,30.036788105795075,106.30762036852359,0.0,1e-06,1.3078510535782526,0.8865540781020003,0.0,1e-06,7.6923076923076925,2.05463827997496,1.0,1e-06,1051.6845089301282,1329.245975044016,0.7307692307692307,0.4523443208612048,12.32267725370349,4.11330506089832,token,ap-southeast,"['/resource/41', '/resource/57', '/resource/21', '/resource/18', '/resource/31', '/resource/17']",26,usr_00276,user
35.099870129870126,11.040227174746764,0.10158390254728823,0.04386307618700879,590.516688970535,2569.6438954178593,1431.5573055954853,10855.348587270286,0.0,1e-06,-0.04653521060320673,1.0046654475700296,0.017316017316017316,0.13072932425661432,6.380952380952381,1.165586604463682,1.0,1e-06,178.72337184090912,293.20236438006333,0.9567099567099567,0.20395118306679655,13.731867176653576,3.5287687827463157,token,us-east,"['/resource/44', '/resource/19', '/resource/42', '/resource/9', '/resource/2', '/resource/26', '/resource/32', '/resource/17']",231,usr_00277,user
37.87394557823129,13.21129179532144,0.12159005349974378,0.08307856724929041,277.5384521225884,1929.4263289705816,1099.8880663335408,12772.294037017218,0.0,1e-06,-0.14336858633205748,0.9565347915268018,0.027210884353741496,0.1632536572118621,6.040816326530612,1.2707324552722747,1.0,1e-06,284.19698564092977,403.21841469440255,0.9387755102040817,0.2405612671062373,9.962633511301322,2.941882423922004,certificate,us-west,"['/resource/43', '/resource/44', '/resource/23', '/resource/41', '/resource/51', '/resource/35', '/resource/20']",147,usr_00278,user
43.123275862068965,14.308635688365568,0.20024710849755942,0.10538393790424189,288.54376891523685,1601.538787984704,87.38459555523744,578.7303623338656,0.0,1e-06,0.15805423540728245,1.1599531388512114,0.04310344827586207,0.2039710712357257,4.267241379310345,0.878316161959815,1.0,1e-06,361.4805429239943,436.5439862592702,0.9568965517241379,0.2039710712357257,9.881440925976516,3.6314868018993987,certificate,eu-west,"['/resource/17', '/resource/48', '/resource/52', '/resource/47']",116,usr_00279,user
24.423928571428572,9.638197729073418,0.10905882374182456,0.06437453510217069,649.0259421530506,2919.9650345060772,363.87481822276953,2656.7928674383384,0.0,1e-06,0.12560141973977232,1.7351665298041035,0.023809523809523808,0.1533709949008578,6.392857142857143,1.3972249359049638,1.0,1e-06,472.0681374549604,527.4239431111092,0.8928571428571429,0.3111524301168833,8.900866778516875,4.101730040888007,certificate,us-west,"['/resource/24', '/resource/19', '/resource/38', '/resource/17', '/resource/22', '/resource/27', '/resource/51']",84,usr_00280,user
20.078653846153845,7.338841343835205,0.19909622857481343,0.1043311998602913,1194.4327960744586,4178.004720116415,140.01490088057605,585.2904820910599,0.0,1e-06,0.018129805594589838,1.2611135887982066,0.0,1e-06,3.980769230769231,0.9180197062130393,1.0,1e-06,790.1801352301281,850.8413673506852,0.9038461538461539,0.2976782961926058,12.946084439067123,3.7012283016472187,certificate,ap-southeast,"['/resource/44', '/resource/56', '/resource/33']",52,usr_00281,user
23.887580645161297,8.362409191936838,0.14550298083893518,0.0878091222093685,1632.407243673078,4445.892183054384,1071.3871508721672,5397.293321072617,0.0,1e-06,-0.09718304684740264,0.9895352893638834,0.016129032258064516,0.12700012700019053,4.709677419354839,1.0304717489496715,1.0,1e-06,677.9785000013441,792.3651511442928,0.8870967741935484,0.3190579735427824,9.255438710781041,3.77168917003976,token,us-west,"['/resource/30', '/resource/37', '/resource/10', '/resource/12', '/resource/46']",62,usr_00282,user
29.34305555555556,9.020710082738796,0.21564249190020202,0.14101708831903392,663.0589085693377,2252.8316921770847,122.60113098984266,479.5438577881591,0.0,1e-06,-0.12511136737048809,1.6583355386833452,0.027777777777777776,0.16666666666666663,3.8055555555555554,0.9803627446568496,1.0,1e-06,1161.400792035648,1113.1994187689327,0.8333333333333334,0.3779644730092272,9.439910948907048,3.7637158849610226,password,eu-west,"['/resource/49', '/resource/14', '/resource/18']",36,usr_00283,user
15.295,6.51129396440593,0.25791147727074926,0.155372724154179,753.8489152496384,2697.7301171190575,1201.6279816441831,8323.427944925616,0.0,1e-06,0.10510959329687951,1.0428795737558725,0.0,1e-06,3.5,0.7862453931068965,1.0,1e-06,743.9253051297619,819.6979397150652,0.9285714285714286,0.259870097418821,13.154658928133097,2.923711172477569,password,us-west,"['/resource/15', '/resource/41', '/resource/47']",56,usr_00285,user
22.046091549295774,7.742093735681828,0.12324207251645927,0.04525652064966357,1056.5998790511521,3570.0995707078755,3708.436065405264,20066.87685991596,0.0,1e-06,-0.08277991678262211,1.1406686053298152,0.017605633802816902,0.1317451741894621,6.105633802816901,1.0412532980964788,1.0,1e-06,148.30260318855633,239.78632470548047,0.971830985915493,0.1657475611247795,13.171956776771516,3.5249897078571295,token,ap-southeast,"['/resource/53', '/resource/39', '/resource/19', '/resource/30', '/resource/20', '/resource/47']",284,usr_00286,user
27.05524096385542,10.534537696882529,0.09580169503618943,0.05922626113167762,338.07784868413944,1622.8720188274372,305.2345010661476,2120.7118123553755,0.0,1e-06,0.04847840997854192,1.1016041439592754,0.024096385542168676,0.1538124489155607,6.307228915662651,1.1942572823185706,1.0,1e-06,253.16014393885544,383.7088920386874,0.9337349397590361,0.24949748692909865,8.741352328403472,3.3318996148984055,password,eu-west,"['/resource/47', '/resource/11', '/resource/52', '/resource/9', '/resource/26', '/resource/15', '/resource/2', '/resource/59', '/resource/55']",166,usr_00287,user
31.16104347826087,11.315572670727457,0.22272935973310426,0.08822298454959403,659.728270862087,2847.840713708005,374.22387451382025,2033.022099064097,0.0,1e-06,0.029134688865346616,1.0516456212685106,0.017391304347826087,0.13129641673149106,4.121739130434783,1.2645491956393866,1.0,1e-06,362.678523729855,522.3455277998365,0.9130434782608695,0.28300447554902375,9.139302117286768,3.6732587257587364,token,sa-east,"['/resource/35', '/resource/40', '/resource/50']",115,usr_00288,user
11.704363636363633,4.708783268034309,0.1953836633187804,0.09107672733155492,751.9268936591033,2663.3033636797168,93.0441631013481,343.7591425562162,0.0,1e-06,0.19031616227047932,1.1069768013894346,0.0,1e-06,4.109090909090909,0.8750180373321257,1.0,1e-06,721.6620253181818,727.0199391466081,0.9090909090909091,0.29012942659282964,10.090369871704782,2.9459882275221334,token,us-east,"['/resource/36', '/resource/17', '/resource/25', '/resource/8']",55,usr_00289,user
14.138653846153847,5.681166004610823,0.09333210780234046,0.07309357444336875,1881.7719415355932,3748.878803915071,367.31606845395277,1207.2267119232663,0.0,1e-06,0.10847555754292246,1.2432673626678543,0.019230769230769232,0.1386750490563073,6.019230769230769,1.5401856854617748,1.0,1e-06,788.5266372794872,738.3034850804846,0.8076923076923077,0.3979585917202717,9.623078701703289,4.052354329256479,token,eu-west,"['/resource/27', '/resource/18', '/resource/7', '/resource/9', '/resource/34', '/resource/40', '/resource/45']",52,usr_00290,user
38.76916666666667,12.872022755750605,0.14639088337117837,0.07907507882205501,202.416462462984,1630.0397406544773,360.01057265538697,3361.313621956032,0.0,1e-06,0.003530204471182153,1.0880339187684998,0.020833333333333332,0.14357588616379596,5.40625,1.0112850085020801,1.0,1e-06,431.87336586093744,495.9396122054488,0.9270833333333334,0.2613645031536837,14.002495402480713,3.2825225447184994,token,us-west,"['/resource/23', '/resource/11', '/resource/36', '/resource/3', '/resource/46']",96,usr_00291,user
43.24078651685393,15.084772860711299,0.14426253504930817,0.08665321644117753,0.0,1e-06,0.0,1e-06,0.0,1e-06,-0.023868705326513896,1.0076879984100628,0.016853932584269662,0.12908715144453078,5.382022471910112,1.0469824056230606,1.0,1e-06,238.54854838473784,343.50865324353884,0.9606741573033708,0.19491732422538574,9.902357447173541,3.6290016297235033,token,eu-west,"['/resource/54', '/resource/37', '/resource/60', '/resource/6', '/resource/8', '/resource/43']",178,usr_00292,user
38.63594594594595,15.011537684849731,0.17301762035126036,0.09960746401862706,0.0,1e-06,0.0,1e-06,0.0,1e-06,0.1986568383365494,1.2162841909914133,0.05405405405405406,0.22924343513512563,4.297297297297297,0.877650426007001,1.0,1e-06,1102.3909418900898,1137.8060699656762,0.8648648648648649,0.34658349660669086,9.614665253340847,2.970384099686318,certificate,sa-east,"['/resource/4', '/resource/17', '/resource/19', '/resource/30']",37,usr_00293,user
17.267019867549667,6.377350316518816,0.11520592956570745,0.07629321862691714,508.18472162554957,2352.8500569205835,229.48120933772722,1896.8396413765215,0.0,1e-06,0.11048462566495709,1.0759558280195212,0.019867549668874173,0.14000946041829646,6.105960264900662,1.2969313416974944,1.0,1e-06,277.9465826383002,348.06437448389886,0.9403973509933775,0.2375370309227651,9.32122650853817,3.7742934159639216,certificate,sa-east,"['/resource/42', '/resource/1', '/resource/43', '/resource/3', '/resource/49', '/resource/7', '/resource/55']",151,usr_00294,user
35.2530487804878,9.962236435043817,0.18612002546452505,0.06596665271335103,143.6723166237494,914.2553427401016,243.52050594603878,2087.888563984509,0.0,1e-06,0.14620945908460278,1.0495051058120963,0.012195121951219513,0.11043152607484653,4.597560975609756,0.7176738159586267,1.0,1e-06,508.7045424093496,563.8056130371635,0.9390243902439024,0.24075811208259254,13.238238530404947,3.4239323662968095,password,eu-west,"['/resource/8', '/resource/18', '/resource/26', '/resource/12']",82,usr_00295,user
44.29258620689655,12.31955506720277,0.17552568276072306,0.12381234440311374,0.0,1e-06,0.0,1e-06,0.0,1e-06,0.26611430753982857,1.0953405103197016,0.017241379310344827,0.13130643285972254,4.431034482758621,0.9198029721424087,1.0,1e-06,720.2959367704024,732.8408812306525,0.896551724137931,0.3072032970180001,14.127263943923477,3.2482938244811694,password,sa-east,"['/resource/55', '/resource/45', '/resource/11', '/resource/4', '/resource/47']",58,usr_00296,user
39.50291262135923,13.826846834844554,0.09078977631339176,0.052690738880217775,415.69813638850064,2165.2088169223853,29.204399681725704,156.83651851801994,0.0,1e-06,0.06396877296813994,1.3831855600654124,0.019417475728155338,0.13866184882315605,6.572815533980583,1.383388435573284,1.0,1e-06,406.31655664789645,517.4090303590837,0.8932038834951457,0.310364155476077,8.722521983805967,3.822702564543226,password,sa-east,"['/resource/40', '/resource/23', '/resource/54', '/resource/31', '/resource/2', '/resource/32', '/resource/50', '/resource/9']",103,usr_00297,user
32.19285714285715,11.652258186005549,0.11421443770783864,0.09683734114930288,608.7353021398598,2413.651664359305,535.0785263360281,3510.6875117064296,0.0,1e-06,-0.31978345621586973,0.897766409078499,0.02040816326530612,0.14285714285714285,5.816326530612245,1.5366829724517446,1.0,1e-06,775.901034855102,802.9344276409588,0.8163265306122449,0.39123039821797584,13.937575665539704,3.611306827059584,password,eu-west,"['/resource/45', '/resource/55', '/resource/56', '/resource/43', '/resource/40', '/resource/57']",49,usr_00298,user
18.074891304347826,6.636208121345627,0.10138704208831155,0.060593948674179256,347.5093484102583,2343.9371722598635,156.09804126582432,1119.9160214341687,0.0,1e-06,-0.04196892821877262,1.146942889169804,0.03260869565217391,0.17858337274913308,6.043478260869565,1.3001525141158548,1.0,1e-06,461.99062044148553,525.8696834813734,0.8695652173913043,0.3386265505758479,14.53459035692845,3.5222990371526746,password,sa-east,"['/resource/1', '/resource/42', '/resource/32', '/resource/58', '/resource/55', '/resource/49', '/resource/33', '/resource/11']",92,usr_00299,user
8.743448275862068,2.908237273871808,0.07202003634148584,0.055177626708278985,67.31644909445693,512.6668025958219,9.52207019449329,72.51792609937031,0.0,1e-06,0.14170690500022054,1.6587286287085625,0.0,1e-06,6.4655172413793105,1.416884613675175,1.0,1e-06,693.304935974138,776.4386096920417,0.7931034482758621,0.40861858377396965,12.41936612101871,3.506463927421351,password,us-east,"['/resource/53', '/resource/6', '/resource/32', '/resource/57', '/resource/54', '/resource/55', '/resource/37', '/resource/29', '/resource/16']",58,usr_00300,user
29.617391304347823,12.43191630822172,0.0982950727647814,0.08219306578897546,518.0001603019888,2173.1510642556377,166.35365565682008,1149.3048694370655,0.0,1e-06,-0.1210980916647801,0.8222258434958937,0.014492753623188406,0.12038585308576917,6.434782608695652,1.5575080102670535,1.0,1e-06,586.769170130435,770.2295093472646,0.855072463768116,0.3546067548061298,10.654936309701702,3.6206444323835507,password,us-east,"['/resource/36', '/resource/20', '/resource/40', '/resource/53', '/resource/51', '/resource/39', '/resource/6', '/resource/41']",69,usr_00301,user
34.02619402985075,12.437934383227297,0.2506223555062087,0.1033724005023807,710.9449276195568,2305.7541982439643,506.8849642774445,2882.4925490042506,0.0,1e-06,-0.06476626379885542,1.0887566424176913,0.022388059701492536,0.14849712842203516,3.582089552238806,0.6749938174340815,1.0,1e-06,307.83556793644277,384.3586216044366,0.9701492537313433,0.17081399581080126,14.017912433653152,3.390446880184521,password,eu-west,"['/resource/40', '/resource/22', '/resource/50']",134,usr_00302,user
26.95828571428572,9.495446323323664,0.21026591595435923,0.10807029664998773,405.52316164252693,1985.1417940687493,221.23159655586863,1488.9928429043944,0.0,1e-06,-0.10434305824498964,0.9920834815336473,0.02857142857142857,0.16739766432653122,4.352380952380952,0.9091516796205003,1.0,1e-06,397.32059400428574,548.6798704228086,0.9523809523809523,0.21398024625545645,12.78004523258667,3.949341654468536,password,us-east,"['/resource/23', '/resource/41', '/resource/22', '/resource/54']",105,usr_00303,user
28.59825301204819,10.594136912912555,0.16748381136363344,0.06690587151705868,272.65260963089867,1589.8013694940103,1373.7577951370317,11782.413487265214,0.0,1e-06,0.12346635380921249,1.4630596399482299,0.04216867469879518,0.20158191472974882,4.801204819277109,0.8614285493722643,1.0,1e-06,256.46358979427714,372.1075729750122,0.963855421686747,0.18721455088036362,13.043071877048256,3.7156696977662773,password,us-east,"['/resource/53', '/resource/47', '/resource/27', '/resource/48', '/resource/7']",166,usr_00304,user
28.863287671232875,11.206671382954902,0.1065320454263842,0.141153651260115,846.5487630502839,3032.4325607656983,234.7108226909402,1172.7565133219694,0.0,1e-06,0.27081024686511534,0.9954750800186607,0.0410958904109589,0.1998858121516967,6.589041095890411,1.623059665829703,1.0,1e-06,551.0180630707762,613.3098948724409,0.8493150684931506,0.36021725222088496,14.22366899065111,3.3274638463881927,biometric,us-west,"['/resource/27', '/resource/8', '/resource/38', '/resource/54', '/resource/29', '/resource/7', '/resource/41', '/resource/3', '/resource/49']",73,usr_00305,user
43.021034482758616,14.478555873166833,0.24802681549471284,0.07872058621550898,648.2723207182661,2723.486372263556,249.53743236188527,1509.9921320937365,0.0,1e-06,-0.07114777137424617,1.0743610765220644,0.034482758620689655,0.18309807266751718,3.889655172413793,0.5285888101995722,1.0,1e-06,282.16937811781605,371.8583058165046,0.9724137931034482,0.16435173942758735,14.159564361689274,3.436946815262286,token,ap-south,"['/resource/54', '/resource/36', '/resource/28']",145,usr_00306,user
18.431428571428576,9.92560894137699,0.2308385820737458,0.216011181500118,2017.119201935624,5165.015421959953,159.83298095139423,587.2632200553215,0.0,1e-06,-0.5457003900939744,1.4843093494623187,0.0,1e-06,4.142857142857143,1.4928400545843576,1.0,1e-06,1852.6161587873014,1938.1742317593803,0.7619047619047619,0.4364357804719847,15.913211566570832,3.0837102437477935,token,sa-east,"['/resource/21', '/resource/57', '/resource/25']",21,usr_00307,user
33.88321100917432,11.671450597007906,0.10358786723440479,0.11212367110789515,1190.244541578438,3164.202372234899,1651.620039358893,6813.175039775876,0.0,1e-06,0.013303666787832817,1.1775311070789458,0.01834862385321101,0.13482851771010276,6.651376146788991,1.5891772084308677,1.0,1e-06,325.04856409357797,451.57391720613555,0.908256880733945,0.2899963091613705,13.045564592420417,3.4622753401163444,biometric,eu-west,"['/resource/33', '/resource/29', '/resource/9', '/resource/58', '/resource/20', '/resource/45', '/resource/52', '/resource/48']",109,usr_00308,user
34.01178343949045,10.629534537846068,0.14186549993892794,0.0681272524069741,787.4578368839321,3037.6906282143223,479.40750165579726,2554.384668414559,0.0,1e-06,0.05425069051682523,0.9750235108251234,0.025477707006369428,0.15807514384747776,5.248407643312102,1.0105599549286066,1.0,1e-06,265.6666974950106,344.1670800861612,0.9554140127388535,0.2070534752117342,13.148600748855683,3.619932962136206,token,us-west,"['/resource/12', '/resource/46', '/resource/23', '/resource/9', '/resource/44', '/resource/60']",157,usr_00309,user
27.271,11.185727775253113,0.09343123188911015,0.0893911860520125,0.0,1e-06,0.0,1e-06,0.0,1e-06,0.006456676704710973,1.0991533942484406,0.03333333333333333,0.18257418583505533,5.733333333333333,2.049950938577485,1.0,1e-06,1347.3429026394447,1400.8398552936317,0.6666666666666666,0.4794633014853841,9.069280412138754,3.346772013307644,password,ap-south,"['/resource/57', '/resource/2', '/resource/28', '/resource/34', '/resource/7', '/resource/52', '/resource/10']",30,usr_00310,user
7.84469696969697,2.9480289215244344,0.13416276547778996,0.11218172649105757,596.3885178142607,2204.3605087424717,126.25940112672602,625.3967906115641,0.0,1e-06,-0.22839626068270433,1.312551743137795,0.015151515151515152,0.12309149097933272,5.333333333333333,1.4393730829061904,1.0,1e-06,638.4547274012626,578.2732089880184,0.8787878787878788,0.32887460856458367,14.573052640363676,3.201827283378526,certificate,eu-west,"['/resource/19', '/resource/49', '/resource/14', '/resource/45', '/resource/35', '/resource/3']",66,usr_00311,user
44.68276923076923,15.912766705067307,0.09279764227034927,0.0663822555457523,159.82527979852833,1283.5484937568292,70.10708714125143,620.4949729723998,0.0,1e-06,0.09067037368367108,1.0783677306790094,0.015384615384615385,0.12355304447984486,6.7846153846153845,1.4358889172589973,1.0,1e-06,322.1650194130769,401.90654675418085,0.9076923076923077,0.2905795824534465,12.963442090426144,3.610327293676408,password,us-west,"['/resource/56', '/resource/51', '/resource/59', '/resource/52', '/resource/33', '/resource/58', '/resource/43', '/resource/25', '/resource/19']",130,usr_00312,user
44.860428571428564,15.49578801568126,0.08601602881550018,0.03164562728714238,480.289015757886,2279.1740504329337,1347.8242407387233,13427.358903045788,0.0,1e-06,0.03567360596389913,1.0231796049667738,0.014285714285714285,0.11894960649725157,6.833333333333333,1.2240935845221401,1.0,1e-06,183.7357789470635,268.19618384512216,0.9476190476190476,0.2233264129403237,10.43558204852312,3.713032116588534,password,us-west,"['/resource/48', '/resource/19', '/resource/35', '/resource/13', '/resource/29', '/resource/50', '/resource/39', '/resource/49', '/resource/38']",210,usr_00313,user
5.585277777777778,1.7474246420086954,0.08257467790307321,0.07937342730882725,1393.5490859196245,3624.5041630668175,757.1084574260235,3030.8856116929796,0.0,1e-06,0.10628179264587652,1.233523795594461,0.013888888888888888,0.11785113019775793,6.486111111111111,1.6097682061779215,1.0,1e-06,560.595954818287,612.7725461835656,0.8333333333333334,0.3752933125204007,10.025636807285261,3.5557913830325596,biometric,sa-east,"['/resource/28', '/resource/36', '/resource/30', '/resource/3', '/resource/11', '/resource/38', '/resource/22', '/resource/18', '/resource/56', '/resource/17']",72,usr_00314,user
35.89727272727273,12.381867106226137,0.11742145962338246,0.05227330088766106,540.2179151632947,2270.885575920072,1037.0765282595196,6290.142225464017,0.0,1e-06,0.1877522525468082,0.9102809955060379,0.025974025974025976,0.15957672558078229,6.305194805194805,1.3398269426730853,1.0,1e-06,255.14994959913417,341.45243540848185,0.9545454545454546,0.20897850190928624,9.136846549728256,3.7655422602801925,password,us-east,"['/resource/15', '/resource/51', '/resource/46', '/resource/12', '/resource/21', '/resource/5']",154,usr_00315,user
45.967843137254896,16.197386091458387,0.10036099996012081,0.04873008183869982,595.5483715840153,2581.057340681554,2255.7582143892923,21625.051778793186,0.0,1e-06,0.052172073842829854,0.9381216201128196,0.011764705882352941,0.1080373565159956,6.52156862745098,1.300562223290252,1.0,1e-06,163.97394171960786,236.233983167818,0.9607843137254902,0.19448947036711453,14.213605507647427,3.7541001311540136,certificate,ap-southeast,"['/resource/14', '/resource/56', '/resource/43', '/resource/24', '/resource/22', '/resource/58', '/resource/15', '/resource/19']",255,usr_00316,user
19.465174825174827,6.888175094405828,0.10660180331688769,0.060019137293376795,54.60635031438464,460.1098766996116,9.559449282194628,92.09575072869235,0.0,1e-06,0.013647635169007908,1.0166519313653821,0.04195804195804196,0.20119802711370935,6.048951048951049,1.4306930819606345,1.0,1e-06,294.02458425011645,378.65791948396713,0.9020979020979021,0.29822680929839324,8.962837522203877,3.4064199648133706,token,us-east,"['/resource/40', '/resource/25', '/resource/58', '/resource/44', '/resource/60', '/resource/42', '/resource/3', '/resource/16']",143,usr_00317,user
30.173942307692307,9.543751518411561,0.07867151918880269,0.058166653265242924,644.4853297295712,2607.7149047382327,186.0408506389105,1127.241632889999,0.0,1e-06,0.07450258747115408,1.0680253079523787,0.038461538461538464,0.19323896987207786,6.990384615384615,1.5168643711742045,1.0,1e-06,402.93613165144234,438.8001373409409,0.8846153846153846,0.3210326876770217,9.144219137816616,3.871072295540717,password,us-east,"['/resource/11', '/resource/7', '/resource/42', '/resource/3', '/resource/13', '/resource/35', '/resource/19', '/resource/32', '/resource/6']",104,usr_00318,user
4.86066037735849,1.8225133189756573,0.09597894245884205,0.053258145593865276,712.2832308328426,3225.2084189875773,167.70363551673407,1035.4781883200096,0.0,1e-06,0.09165578964354723,0.9698668854099949,0.009433962264150943,0.09712858623572643,6.273584905660377,1.2985927831818163,1.0,1e-06,392.6298547616352,478.3412483656904,0.9056603773584906,0.2936892392857409,10.26821629258547,3.613104025390503,token,sa-east,"['/resource/57', '/resource/45', '/resource/28', '/resource/48', '/resource/54', '/resource/5', '/resource/42', '/resource/50']",106,usr_00319,user
40.12261904761905,13.07532939703924,0.1851276858595526,0.06932301957918678,468.68771687089827,2129.035503281222,160.72965360075133,758.6140613596547,0.0,1e-06,-0.16792312506025664,0.9819645299736957,0.023809523809523808,0.1533709949008578,4.5,0.7838736067283432,1.0,1e-06,503.01459547857155,518.2019624392209,0.9404761904761905,0.23802351185830548,10.172532934505108,3.3799210697390714,password,us-east,"['/resource/17', '/resource/5', '/resource/37', '/resource/36']",84,usr_00320,user
33.50536363636364,11.33927005055438,0.09657450243675689,0.05279960046247821,581.2883646135231,3006.0601095521156,155.15779923277984,1161.231118883533,0.0,1e-06,-0.07596170457470171,1.1006892542308848,0.02727272727272727,0.16362246257329338,6.3545454545454545,1.121813437173573,1.0,1e-06,381.3287372066666,478.1165279439813,0.9090909090909091,0.2887954911289538,9.075683762404289,3.303015395446377,password,sa-east,"['/resource/35', '/resource/25', '/resource/40', '/resource/47', '/resource/42', '/resource/44', '/resource/1', '/resource/2']",110,usr_00321,user
24.319897959183677,7.839073490238283,0.12198925395691264,0.06380441198940372,1048.9359745737595,3485.154631326942,321.1429749592903,1321.5697657189553,0.0,1e-06,-0.05318525452228764,1.100276291644033,0.02040816326530612,0.142118858106802,5.836734693877551,1.1726600086543961,1.0,1e-06,421.6724256534013,496.85660385171826,0.9183673469387755,0.27521198531482954,8.224517753449561,3.0495009673693816,token,us-east,"['/resource/39', '/resource/53', '/resource/19', '/resource/49', '/resource/6', '/resource/25']",98,usr_00322,user
9.161363636363637,2.984201974764525,0.1019598011438846,0.08011041594413391,778.8857525729417,3100.4177293398034,299.61583132701514,1344.884340222467,0.0,1e-06,-0.051047403524569296,1.2597566783350116,0.01818181818181818,0.1342200153122676,6.2727272727272725,1.4329612049339313,1.0,1e-06,379.22454983848473,433.8532232434154,0.9090909090909091,0.2887954911289538,9.783318859155843,3.283945849166599,password,sa-east,"['/resource/10', '/resource/41', '/resource/1', '/resource/36', '/resource/51', '/resource/24', '/resource/47', '/resource/42']",110,usr_00323,user
12.952203389830508,5.260395969033395,0.07611891097418057,0.058291735210193346,678.7980975330395,2644.688491479539,444.0264622916259,3141.5111508416217,0.0,1e-06,0.017406896961025556,1.0256595598847296,0.03389830508474576,0.182520824972938,6.627118644067797,1.530137531397499,1.0,1e-06,684.2058294983052,698.397891656929,0.7966101694915254,0.4059752420236703,9.600684965138363,3.8037766325393574,certificate,ap-south,"['/resource/27', '/resource/10', '/resource/42', '/resource/20', '/resource/33', '/resource/14', '/resource/58', '/resource/11', '/resource/59']",59,usr_00324,user
15.261500000000002,5.137441336814332,0.16279591650315248,0.06753995980397323,443.6464671133703,2596.1698598738944,1222.4841548087281,12962.505861368372,0.0,1e-06,-0.06870546773804961,1.0065080378056686,0.007142857142857143,0.08451542547285167,4.9,0.8674779453170616,1.0,1e-06,292.9790120557143,417.07849103804267,0.9571428571428572,0.2032621927790821,9.162050211519142,3.002993568878896,password,us-east,"['/resource/49', '/resource/36', '/resource/55', '/resource/30', '/resource/42']",140,usr_00325,user
18.501492537313435,5.7442591245603625,0.0788263190670991,0.053159205098058056,520.6990131065932,2396.129673004732,41.43570053102716,200.65474630998676,0.0,1e-06,0.0813091114145134,1.066955685381216,0.029850746268656716,0.17145979772029107,6.373134328358209,1.4856466900791396,1.0,1e-06,632.4146125430349,696.2599015868794,0.835820895522388,0.37323381758230945,13.95712931247213,3.634079631893197,token,us-west,"['/resource/43', '/resource/7', '/resource/42', '/resource/40', '/resource/13', '/resource/5', '/resource/19', '/resource/16', '/resource/32']",67,usr_00326,user
15.538444444444444,5.580885356788063,0.1118320499830734,0.05731092733662501,951.2929708912917,3050.897923230069,429.2897499029924,1691.5868028741452,0.0,1e-06,-0.050123956011521524,1.0154018400773577,0.016666666666666666,0.12837619299299347,6.127777777777778,1.083293939979943,1.0,1e-06,231.40363786750007,333.1415498431421,0.95,0.21855288405439,13.967648527594337,3.464181764872815,password,us-west,"['/resource/51', '/resource/16', '/resource/1', '/resource/48', '/resource/46', '/resource/11', '/resource/42']",180,usr_00327,user
14.286142857142856,5.931246488456899,0.08541310762124098,0.06255239649985497,366.7213591517818,2153.7740435437404,21.637443219925117,127.45638482857973,0.0,1e-06,0.19580557416981847,1.186213874417808,0.04285714285714286,0.20399732064980203,6.385714285714286,1.6532169530935312,1.0,1e-06,594.8376531857144,617.7478468125349,0.8428571428571429,0.3665631323806365,9.99892448247803,3.7492026597886055,certificate,ap-south,"['/resource/9', '/resource/42', '/resource/20', '/resource/18', '/resource/32', '/resource/6', '/resource/7', '/resource/39']",70,usr_00328,user
23.395384615384614,10.495604120113995,0.20378279323203408,0.2538696849893101,1759.3740864452536,4981.082062780439,923.6621739381961,3667.225970473136,0.0,1e-06,-0.34497054992602116,1.0476740706896004,0.038461538461538464,0.19611613513818402,4.576923076923077,1.7702672549211753,1.0,1e-06,1347.4357262333333,1781.3586068304826,0.8076923076923077,0.40191847623425014,9.356927558409227,4.644899854149023,token,sa-east,"['/resource/14', '/resource/53', '/resource/50', '/resource/38']",26,usr_00329,user
9.677999999999999,3.2702663839849837,0.12968403107167073,0.07731716329193972,712.9010551312199,2996.42023789782,128.20104807316304,681.8347856472252,0.0,1e-06,0.24992785467414472,0.954861890657377,0.05454545454545454,0.22918388365077622,5.254545454545455,2.002019182745462,1.0,1e-06,701.3556215942423,772.5932672390778,0.8909090909090909,0.3146266024828463,13.300864569765686,3.468848575820104,token,ap-south,"['/resource/47', '/resource/38', '/resource/58', '/resource/15', '/resource/55']",55,usr_00330,user
22.459459459459463,8.332678150493102,0.10926355463527836,0.05548403415074641,194.30530559222433,1171.1190798782068,30.659610434249164,220.13747497193427,0.0,1e-06,0.1296401661046771,1.0459081040395746,0.018018018018018018,0.13361967614920284,6.072072072072072,1.22631533622038,1.0,1e-06,381.38735934519525,479.8853922988091,0.918918918918919,0.27419751126564795,10.20806637605832,3.1937834355656705,password,ap-south,"['/resource/44', '/resource/11', '/resource/16', '/resource/40', '/resource/33', '/resource/43', '/resource/49']",111,usr_00331,user
15.195781250000001,5.363004295497945,0.16562737677886152,0.05129128353554901,329.57609685794114,1878.5443834424236,2941.5410832893817,36697.88273670696,0.0,1e-06,0.08787821947897118,1.0560033173420034,0.0390625,0.1941232173888836,5.1015625,0.8752800672233039,1.0,1e-06,164.6384451735677,262.61055901108847,0.9765625,0.15158476564770812,9.249440247436379,3.5145337320659937,password,sa-east,"['/resource/23', '/resource/15', '/resource/49', '/resource/32', '/resource/3']",256,usr_00332,user
37.54123529411765,14.39050657656317,0.11187471779825787,0.05296174122040422,254.37952704294122,1909.2773111632823,60.62108986018164,530.0125820670082,0.0,1e-06,-0.09197368037153743,0.9925172251943248,0.0058823529411764705,0.07669649888473706,6.1117647058823525,1.0571718176348592,1.0,1e-06,248.80845542588239,342.39985163533805,0.9470588235294117,0.22457757073384294,12.977161877783656,3.5686209064472516,password,ap-southeast,"['/resource/59', '/resource/30', '/resource/46', '/resource/58', '/resource/21', '/resource/42', '/resource/3']",170,usr_00333,user
19.71,6.617768002380662,0.12760893617630445,0.13421992926482731,2381.5039491211337,5153.623048371227,58.072759078793716,171.1175216253412,0.0,1e-06,-0.23667966126878398,1.1050383180742605,0.0,1e-06,4.6875,1.8874586088176875,1.0,1e-06,2242.965000261458,2307.5366377757646,0.625,0.5,13.161691930726539,4.037346910370556,biometric,ap-southeast,"['/resource/34', '/resource/5', '/resource/42', '/resource/54']",16,usr_00334,user
7.236060606060606,2.2858367442169008,0.12517890786744781,0.18241388280772947,118.21659877702267,679.1026575352577,2.802912138786281,16.101504373999685,0.0,1e-06,0.19977758292439568,0.9787476881471392,0.030303030303030304,0.17407765595569785,5.606060606060606,1.6944651431092115,1.0,1e-06,1266.425672058586,1225.8467683007768,0.7575757575757576,0.4351941398892446,9.925983947895157,4.080488177419013,token,ap-south,"['/resource/51', '/resource/31', '/resource/11', '/resource/33', '/resource/1', '/resource/29']",33,usr_00335,user
36.15205357142857,11.760982550881522,0.17071800322371025,0.09177054435483421,423.52331382555064,2012.82658819689,2705.782872337062,30285.914999041117,0.0,1e-06,-0.04399966594189444,1.0667188320290146,0.03571428571428571,0.1859924984538405,4.897321428571429,0.8273313109112295,1.0,1e-06,188.94331150372025,293.9211729468794,0.9732142857142857,0.16181822435134716,13.671944545080517,3.405360707937679,token,us-west,"['/resource/53', '/resource/39', '/resource/15', '/resource/43', '/resource/46']",224,usr_00336,user
9.747552447552447,3.7218631213494224,0.08777737870812086,0.04403253885140298,773.1656872985899,3056.6863750664575,266.46974758382834,1456.568666239679,0.0,1e-06,-0.05276787068536619,1.0668331000314315,0.013986013986013986,0.1178453262958462,6.629370629370629,1.3304575178249494,1.0,1e-06,286.1343296583916,354.94522436324013,0.9230769230769231,0.2674059812904388,10.13532148101578,3.614479017541259,token,sa-east,"['/resource/42', '/resource/27', '/resource/16', '/resource/9', '/resource/37', '/resource/60', '/resource/54', '/resource/38', '/resource/11']",143,usr_00337,user
40.01381818181819,13.975153765279089,0.2453530576025484,0.04949042659095138,506.75468318569835,2241.7864735996723,1379.740052090321,12112.763217297535,0.0,1e-06,-0.07674133203292106,1.0358333806387008,0.021212121212121213,0.144309646305309,3.8515151515151516,0.4115514512599506,1.0,1e-06,127.80102880252525,229.4259297455072,0.9878787878787879,0.10959326781837414,8.972096910119518,3.3700243840296245,token,us-west,"['/resource/12', '/resource/60', '/resource/26']",330,usr_00338,user
35.81228571428572,11.374110466436113,0.10603751606153536,0.07453279037901309,833.7715572864477,3283.8136212138133,1914.7246422088972,15730.226380588649,0.0,1e-06,0.27522289825852275,0.7729012281990916,0.014285714285714285,0.11952286093343938,5.9714285714285715,1.6678670625389416,1.0,1e-06,493.900725205,574.4786562731648,0.9,0.3021660931112009,10.02545849710975,3.7766075628356077,certificate,us-east,"['/resource/31', '/resource/56', '/resource/27', '/resource/39', '/resource/15', '/resource/54']",70,usr_00339,user
12.271034482758619,4.297256444076674,0.08330806454232537,0.07831106628138525,1471.9579381376739,4418.207942970835,442.79513063548853,1659.3938955392805,0.0,1e-06,-0.020250547647802177,1.2291871515807942,0.0,1e-06,6.689655172413793,1.8657287419817994,1.0,1e-06,705.0441212597701,887.0616794530838,0.7931034482758621,0.4086185837739696,8.921717903393969,2.7251153456236192,certificate,ap-southeast,"['/resource/52', '/resource/44', '/resource/9', '/resource/39', '/resource/22', '/resource/30', '/resource/15', '/resource/5', '/resource/47']",58,usr_00340,user
7.839818181818182,2.310518422234045,0.09194918687757221,0.047596732508172215,901.7622571658031,3162.6331061304268,7918.102701513794,81079.38522423556,0.0,1e-06,0.15628596929231003,1.7955714396270182,0.00909090909090909,0.09534625892455922,6.6454545454545455,1.12996195142863,1.0,1e-06,369.09849751378783,506.21586437811374,0.9090909090909091,0.2887954911289538,8.94002120474702,2.987029805675086,token,sa-east,"['/resource/3', '/resource/40', '/resource/35', '/resource/51', '/resource/49', '/resource/31', '/resource/58', '/resource/33']",110,usr_00341,user
31.39442857142858,11.61853998606828,0.23310757514208558,0.09827420980677201,1069.0648666105556,3537.5209643074277,841.8035248613312,3629.639759025404,0.0,1e-06,0.04640519117589736,0.9771002040449829,0.02857142857142857,0.1678015193509294,3.9857142857142858,0.8763041154139991,1.0,1e-06,596.2839789226191,621.5119781317147,0.9428571428571428,0.2337913280965907,9.57659527096526,3.173752603313984,password,ap-southeast,"['/resource/34', '/resource/56', '/resource/24']",70,usr_00342,user
14.555073170731706,4.692408932281697,0.11080925811211696,0.04687995459037993,738.9696824869853,2842.670642461212,722.6611206877268,3667.8043700332078,0.0,1e-06,0.019421649899680163,1.1300201954686346,0.004878048780487805,0.06984302957695782,5.795121951219512,0.9886491128749022,1.0,1e-06,206.07393014601627,292.9831701307969,0.9560975609756097,0.20537958698206588,13.752037292062912,3.626350077837114,password,ap-south,"['/resource/15', '/resource/6', '/resource/17', '/resource/28', '/resource/50', '/resource/9', '/resource/39']",205,usr_00343,user
13.803692307692309,5.251901015712897,0.09026822663372612,0.1290632546560978,491.8593854422118,2782.0371883464877,1544.3271856028223,11595.184547562561,0.0,1e-06,-0.1457025249117239,0.9927517998846354,0.0,1e-06,6.861538461538461,1.7578122329059627,1.0,1e-06,653.3075163853847,666.9725839269082,0.8153846153846154,0.3910046232266511,12.832143050962898,4.183575670229016,token,ap-southeast,"['/resource/28', '/resource/52', '/resource/10', '/resource/7', '/resource/14', '/resource/27', '/resource/59', '/resource/21', '/resource/25']",65,usr_00344,user
26.223720930232556,9.104364182537001,0.12178931809786482,0.11504724582000453,671.6103148356354,2508.8890861756217,389.94623724630344,2308.1458697683856,0.0,1e-06,0.04106641487306492,0.9409343607034054,0.0,1e-06,5.837209302325581,1.509658824848138,1.0,1e-06,452.1591330728682,549.2950119633828,0.9069767441860465,0.29216864496359496,13.180298405648246,3.3774924672795343,password,eu-west,"['/resource/31', '/resource/57', '/resource/49', '/resource/14', '/resource/51', '/resource/12']",86,usr_00345,user
8.2888,2.7468004689686745,0.09773752185382742,0.07195876441052693,1054.903998579119,3675.0680771082716,147.60964144291137,604.2524352099474,0.0,1e-06,-0.24133378185241547,0.9535726219287934,0.0,1e-06,6.18,1.5477435847328305,1.0,1e-06,777.5389711956667,835.7579754740652,0.82,0.38808793449160356,9.742883595207887,2.7932121022491394,token,ap-southeast,"['/resource/9', '/resource/60', '/resource/8', '/resource/43', '/resource/55', '/resource/29', '/resource/48']",50,usr_00346,user
22.39751445086705,8.004217504284513,0.2463253741121462,0.0684042513490901,559.6346403818893,2419.481325902714,341.89945928921327,1906.9586353600403,0.0,1e-06,0.05892814303429704,1.0486539702502125,0.005780346820809248,0.07602859212697054,3.699421965317919,0.5079023333401749,1.0,1e-06,246.28193938689788,347.6126655077086,0.976878612716763,0.15072527084892853,9.625022709139031,3.2838239362951276,token,ap-southeast,"['/resource/1', '/resource/52', '/resource/41']",173,usr_00347,user
32.995098039215684,11.047769616089761,0.1105359769337614,0.06181331840435608,0.0,1e-06,0.0,1e-06,0.0,1e-06,-0.003539132837932412,1.1441123881787667,0.0196078431372549,0.14002800840280097,5.647058823529412,1.4672904199477992,1.0,1e-06,791.4304165091502,784.760323493312,0.8431372549019608,0.3672900227127246,13.755001165159314,3.606317034285401,token,us-east,"['/resource/42', '/resource/6', '/resource/26', '/resource/3', '/resource/25']",51,usr_00348,user
19.874836363636362,7.326421305928123,0.24571068286004025,0.04959852714351117,513.5983121667497,2251.78968789684,1417.1877726067341,8919.877058555667,0.0,1e-06,-0.1492694536363941,1.0017078188259863,0.01818181818181818,0.13385212056282075,3.8036363636363637,0.441449022593518,1.0,1e-06,154.32667718581817,257.28519463415284,0.9854545454545455,0.11994247681227019,14.14412780473059,3.274958128229027,password,us-west,"['/resource/18', '/resource/50', '/resource/26']",275,usr_00350,user
20.18176470588235,7.16261653164,0.1711392303517144,0.10684773399500776,1198.474522996863,3539.3539966262174,101.47438349734904,393.49379821819804,0.0,1e-06,-0.001874172525305424,0.8712169847773853,0.058823529411764705,0.23883257361061286,4.323529411764706,1.0363276723909671,1.0,1e-06,1167.9637391852941,1016.3763329695898,0.8235294117647058,0.3869529949759475,13.360132920106302,3.2588149900768015,certificate,sa-east,"['/resource/59', '/resource/54', '/resource/47', '/resource/36']",34,usr_00351,user
25.344123222748816,8.40320474943544,0.14119067865029253,0.05573268686735005,859.1760216740113,3529.3230331144186,1430.4096356889545,9491.131851279773,0.0,1e-06,-0.01077157972070138,1.121699690462745,0.03317535545023697,0.17952016085013622,5.303317535545023,0.9476479096140098,1.0,1e-06,200.9257350455766,309.5883172861648,0.966824644549763,0.17952016085013625,8.98544941079438,3.1050567261147473,password,ap-southeast,"['/resource/7', '/resource/17', '/resource/1', '/resource/33', '/resource/27', '/resource/37']",211,usr_00352,user
43.89719696969697,14.448575265317617,0.13401965705647004,0.10091666601763881,551.9658667377723,2801.5064996630967,579.6599109598566,4412.820586568396,0.0,1e-06,-0.014283820613636315,1.1347137453691158,0.03787878787878788,0.1916303307640744,5.621212121212121,1.1560019482161075,1.0,1e-06,319.7034552497475,390.25616969035093,0.9166666666666666,0.27743829976792506,12.511060513819558,3.6879839057705466,password,ap-southeast,"['/resource/50', '/resource/25', '/resource/49', '/resource/31', '/resource/45', '/resource/29']",132,usr_00353,user
32.854166666666664,9.008057819183827,0.27567937291310507,0.15994111460395896,903.7478012925011,3029.1116830139445,326.13899099947093,1277.937063733005,0.0,1e-06,-0.39665132862431324,1.4561839699694352,0.020833333333333332,0.14433756729740643,3.4583333333333335,0.8240618994859532,1.0,1e-06,874.4943749472222,1046.7112795257538,0.9166666666666666,0.279310193865464,10.03662038657879,3.3235474372326297,password,ap-southeast,"['/resource/41', '/resource/5', '/resource/25']",48,usr_00354,user
6.833135593220338,2.412227646963192,0.11103028447257669,0.07518440935884371,977.2075340245387,3283.413986735457,1090.10967819813,8532.253007358766,0.0,1e-06,-0.15058840211246377,1.1773942909756645,0.00847457627118644,0.09205746178983229,6.228813559322034,1.2904052033661373,1.0,1e-06,360.0825998466102,449.4650056197435,0.923728813559322,0.26656343069049504,12.690487533537672,3.202351421171153,biometric,ap-south,"['/resource/45', '/resource/44', '/resource/6', '/resource/48', '/resource/54', '/resource/26', '/resource/16']",118,usr_00355,user
40.37493333333333,14.01309549305717,0.10319187017857945,0.04575404323898166,222.4109920211181,1361.3312092126303,243.81725639122752,1681.7128866105625,0.0,1e-06,-0.156576867936107,1.3412959920927336,0.006666666666666667,0.0816496580927726,6.253333333333333,1.1480164783015536,1.0,1e-06,278.42272497144444,386.1738836590214,0.94,0.2382824447791589,10.030362158065838,3.4271732907843755,password,eu-west,"['/resource/55', '/resource/44', '/resource/12', '/resource/57', '/resource/32', '/resource/59', '/resource/13']",150,usr_00356,user
39.82460317460317,14.684907088945353,0.11063172062191799,0.07116201630594748,1068.2661004659028,2951.0307715649105,103.20100742362546,386.0878971514672,0.0,1e-06,0.02318634049297523,1.2160726041149585,0.0,1e-06,5.857142857142857,1.3180770800450528,1.0,1e-06,628.6182410044972,590.5703261102329,0.8571428571428571,0.3527378107513292,8.737599796362217,3.075802999528444,password,us-west,"['/resource/1', '/resource/6', '/resource/59', '/resource/44', '/resource/8', '/resource/49', '/resource/40']",63,usr_00357,user
6.027007299270072,2.3751183762955725,0.11897844667628003,0.057020021013633536,398.71429321788605,2307.622951520117,926.9729070200927,9542.96337510655,0.0,1e-06,-0.060696836867995624,1.0992292337100982,0.0072992700729927005,0.08543576577167608,6.087591240875913,1.172443730963518,1.0,1e-06,300.7396714317518,396.6278135904566,0.9416058394160584,0.23534778263068443,9.841110615344368,3.3777505512451618,token,ap-south,"['/resource/37', '/resource/59', '/resource/26', '/resource/18', '/resource/15', '/resource/33', '/resource/60']",137,usr_00358,user
23.64131004366812,7.59521404217378,0.24926912166980023,0.06727867126204265,428.32968489690535,2436.235420145819,1042.8440992721182,7047.357713501129,0.0,1e-06,-0.07343186223675771,0.9708564597302581,0.013100436681222707,0.11395402831837016,3.7816593886462884,0.558361361298266,1.0,1e-06,182.63836112874822,286.15064143366493,0.982532751091703,0.1312913427679805,9.660607753132673,3.5438927016707797,password,ap-southeast,"['/resource/56', '/resource/50', '/resource/44']",229,usr_00359,user
11.608358208955224,3.8117349096254514,0.10266615593701044,0.06692623768887013,58.22608596480221,476.6010541472774,3.6894709211718215,30.199621031356568,0.0,1e-06,0.06155800902474522,1.0014799615498402,0.05970149253731343,0.23872115183006287,6.17910447761194,1.347560906975989,1.0,1e-06,627.2603975728855,646.6280016122939,0.8656716417910447,0.34357842332065336,12.87703030352441,3.519721142697972,password,ap-south,"['/resource/44', '/resource/21', '/resource/7', '/resource/1', '/resource/25', '/resource/38', '/resource/40']",67,usr_00360,user
23.434150943396226,6.171567384123578,0.08278463181944702,0.05178290434720168,786.6136169669772,2920.668054130619,67.50403178886148,287.9026031038579,0.0,1e-06,0.22866643382585747,1.0442372825978243,0.018867924528301886,0.137360563948689,6.849056603773585,1.9154857429252201,1.0,1e-06,666.5282838273585,773.8887748718118,0.8301886792452831,0.3790600245041254,13.359677124829686,3.6646402558639957,token,ap-south,"['/resource/54', '/resource/45', '/resource/27', '/resource/14', '/resource/49', '/resource/32', '/resource/28']",53,usr_00361,user
36.06202247191012,12.03255783845866,0.13037535043219353,0.06476521544501117,826.12845844226,3165.908821999405,1290.431761059687,9530.200973776491,0.0,1e-06,-0.22767931910059913,1.0693788698899693,0.0,1e-06,5.53932584269663,1.0558944912778594,1.0,1e-06,471.5156371857678,509.8409537520648,0.9213483146067416,0.2707195421096928,10.4413800461455,3.403992877786613,token,sa-east,"['/resource/55', '/resource/28', '/resource/13', '/resource/52', '/resource/36', '/resource/16']",89,usr_00362,user
37.252500000000005,13.47033453122741,0.16436084933204426,0.07697481633186025,109.08453669580973,797.8497533850948,38.82195773659834,318.8236824088774,0.0,1e-06,-0.09105564956086877,1.0575846719992674,0.027777777777777776,0.16510168678179254,5.064814814814815,0.9400054498564241,1.0,1e-06,377.7267522399692,469.9979570044099,0.9444444444444444,0.23012931485934687,13.012859999383682,3.670313605765955,password,us-east,"['/resource/55', '/resource/58', '/resource/35', '/resource/34', '/resource/41']",108,usr_00363,user
39.60133928571429,14.096253894770417,0.11548873926977343,0.10843361116890268,321.8612681621303,1700.1579519855084,262.9033710859686,2308.7669972100884,0.0,1e-06,0.21904206249180472,1.093064462536664,0.026785714285714284,0.16218227031056384,6.0,1.4394693717033622,1.0,1e-06,367.2095129238095,432.98826459275756,0.9196428571428571,0.2730670926084596,12.641436889485568,3.7403075965315624,biometric,sa-east,"['/resource/36', '/resource/17', '/resource/2', '/resource/24', '/resource/8', '/resource/52', '/resource/59']",112,usr_00365,user
28.827435897435898,11.087818802971386,0.063511979104824,0.04650846049024267,278.07624655153876,1725.2722214276932,89.25517368166017,736.564765492653,0.0,1e-06,0.24871422980182303,0.9380220415038937,0.0,1e-06,7.0,1.6903085094570331,1.0,1e-06,502.1279684514957,609.1452560435321,0.8461538461538461,0.36313651960128135,13.841564290152538,2.9881026149657055,password,ap-southeast,"['/resource/33', '/resource/32', '/resource/29', '/resource/19', '/resource/6', '/resource/40', '/resource/25', '/resource/23', '/resource/50']",78,usr_00366,user
33.023962264150946,11.538503992423108,0.09802843014228067,0.07040408255539252,519.7307997672766,2649.627407995428,68.37617651555676,403.4298350806091,0.0,1e-06,-0.1887696862637489,1.1251965450537915,0.0,1e-06,5.867924528301887,1.3872736939359849,1.0,1e-06,794.0285088009433,774.1716782454896,0.8301886792452831,0.3790600245041254,13.37199708520282,3.5699902580266096,token,sa-east,"['/resource/22', '/resource/59', '/resource/6', '/resource/55', '/resource/21', '/resource/53', '/resource/11']",53,usr_00367,user
22.419705882352943,8.532660065282181,0.14889953656701302,0.16495623248777172,755.0145629595509,3065.475210147067,666.8091205268875,3383.3691075311617,0.0,1e-06,-0.2267009513970732,1.335677902663025,0.058823529411764705,0.23883257361061286,4.764705882352941,1.3719886811400706,1.0,1e-06,1188.5847157200978,1278.7360915226757,0.8235294117647058,0.3869529949759475,13.63715875943095,3.153472609659852,certificate,ap-south,"['/resource/43', '/resource/56', '/resource/3', '/resource/21', '/resource/23']",34,usr_00370,user
40.76764044943821,15.447674583932447,0.09032992855936436,0.06639247438752217,728.2217389498608,2695.6591693145797,212.55458768035203,1021.6824710345912,0.0,1e-06,0.013499724838929243,0.9917195279114499,0.011235955056179775,0.10599978800063599,6.719101123595506,1.4692976371300661,1.0,1e-06,454.7159366104869,484.83582111958566,0.8764044943820225,0.3309842319473132,12.74054138085576,4.086538566069535,password,ap-southeast,"['/resource/48', '/resource/38', '/resource/55', '/resource/39', '/resource/41', '/resource/30', '/resource/37', '/resource/34', '/resource/57']",89,usr_00371,user
23.58628571428572,8.485052284394454,0.071869951742115,0.07494253933108419,111.55297278510005,659.9562870385921,11.919407334821987,70.51616476006963,0.0,1e-06,0.35334227484038655,1.1117995341399212,0.0,1e-06,6.742857142857143,2.330650718814221,1.0,1e-06,1004.9719624376193,992.495453919418,0.6857142857142857,0.47100821595360554,13.181005171107984,3.777028612677704,password,us-east,"['/resource/34', '/resource/56', '/resource/1', '/resource/27', '/resource/17', '/resource/49', '/resource/10', '/resource/9']",35,usr_00372,user
20.293617021276596,8.622538464523096,0.11573786753511389,0.05530584788827736,522.4853330681124,2338.9651322631844,421.31985207337743,2706.879635010972,0.0,1e-06,0.05969413839044782,1.1958776060913887,0.010638297872340425,0.10314212462587935,5.702127659574468,1.2166390089716228,1.0,1e-06,430.70218735035456,596.5939419705218,0.9148936170212766,0.2805361406225205,9.646941353832391,3.371775534325796,token,ap-south,"['/resource/1', '/resource/51', '/resource/36', '/resource/39', '/resource/52', '/resource/19']",94,usr_00373,user
26.37437931034483,8.99447845586369,0.1648297867117032,0.05285605087460772,452.131615402683,2177.7632801753184,2074.8830615425945,18202.787557669337,0.0,1e-06,0.0008264118746372646,1.0191835702842713,0.013793103448275862,0.11683288254435255,4.924137931034482,0.8927447557405638,1.0,1e-06,146.63180802247126,246.13329251364033,0.9793103448275862,0.1425892796137926,10.015593302650315,3.638000757696266,token,us-west,"['/resource/6', '/resource/25', '/resource/28', '/resource/17', '/resource/54']",290,usr_00374,user
29.588214285714283,10.729240773259454,0.13551433053555223,0.11898600524272074,818.6783385223742,3068.2580602563585,2336.758137402553,16791.447739357645,0.0,1e-06,-0.05925018582392472,1.0312651718116777,0.011904761904761904,0.10878178112777981,5.767857142857143,1.3221884158524995,1.0,1e-06,248.11172710208334,347.4036329463755,0.9523809523809523,0.2135955047163111,14.290514671074217,3.3695848584374914,password,sa-east,"['/resource/19', '/resource/13', '/resource/12', '/resource/8', '/resource/5', '/resource/55']",168,usr_00375,user
9.239545454545455,2.8789042092758135,0.13206763842584776,0.06252842537428567,361.5773098302127,1826.975967968891,301.83239652581483,2455.8105226668304,0.0,1e-06,0.006275542534315837,1.0397986236875256,0.0,1e-06,5.465909090909091,1.3386291120719436,1.0,1e-06,455.6080211363636,518.2568243200109,0.9204545454545454,0.2721388636864031,13.396377059006161,2.992831209140059,password,ap-south,"['/resource/10', '/resource/4', '/resource/12', '/resource/7', '/resource/35']",88,usr_00376,user
44.273010752688165,16.600545052263467,0.1857618713643485,0.08132771860047959,459.4592203962238,2240.1208090924547,5262.616777286462,63727.667566596225,0.0,1e-06,0.014436547653621184,0.9921857777223779,0.01881720430107527,0.1360620554663039,4.782258064516129,1.0112079499929076,1.0,1e-06,114.49424862432795,196.93679631638364,0.956989247311828,0.20315455561954235,14.158991417716791,3.552121282423927,password,us-west,"['/resource/32', '/resource/14', '/resource/27', '/resource/20']",372,usr_00377,user
11.623103448275863,4.261966821415722,0.19451439300633883,0.07664348512646146,414.5809177568347,1939.927893254647,144.87395677720406,985.4775266414387,0.0,1e-06,0.07282966339529975,0.9902310170152333,0.04597701149425287,0.21064938228269567,4.344827586206897,0.7750106706976807,1.0,1e-06,485.0184949561304,646.1160815286842,0.9425287356321839,0.23409011577637512,13.766249964894477,4.129274197593443,certificate,eu-west,"['/resource/35', '/resource/5', '/resource/18', '/resource/26']",87,usr_00378,user
12.071415929203539,4.14381011424972,0.26777911896922546,0.1369006975277585,323.5352278489619,1418.4799249106557,214.8899772929343,1583.5721254587115,0.0,1e-06,0.37623204907997126,1.9757141675023453,0.02654867256637168,0.1614762803872026,3.601769911504425,0.5596526826148767,1.0,1e-06,370.06052681843653,430.44567675875277,0.9646017699115044,0.18560728221469427,8.782818374927594,3.7217710689753387,token,ap-south,"['/resource/29', '/resource/25', '/resource/16']",113,usr_00379,user
14.771354166666667,4.754547877070004,0.1429101324351938,0.06922478222604303,610.9313946300578,2629.1998302344628,115.83205631059313,563.0303532944697,0.0,1e-06,-0.136363539914486,1.0274160717682232,0.010416666666666666,0.10206207261596575,5.364583333333333,1.1061530461032547,1.0,1e-06,415.8357124225695,501.233885613546,0.9270833333333334,0.26136450315368365,9.435322885574427,3.4127716547569737,token,ap-southeast,"['/resource/47', '/resource/11', '/resource/21', '/resource/20', '/resource/3']",96,usr_00380,user
4.747961165048543,1.4862060918650108,0.24249188695861948,0.08563700291540903,742.8668681254403,2449.9727630021484,483.8090917498942,1875.2400180967682,0.0,1e-06,0.023048208133535225,0.9846251911289803,0.019417475728155338,0.13866184882315602,3.912621359223301,0.5259314075254147,1.0,1e-06,410.958742781877,485.2977315782671,0.9611650485436893,0.19414620007023908,12.395699650849568,3.950154953674603,token,eu-west,"['/resource/8', '/resource/41', '/resource/28']",103,usr_00381,user
14.66125,5.490959745258621,0.08587062315212005,0.0634636929559887,1416.210154773013,3949.71072683871,1041.8285438293365,5725.969991701889,0.0,1e-06,-0.17337102021667627,1.1040211641626108,0.0,1e-06,7.125,1.512605263624421,1.0,1e-06,456.8227985079167,571.6278811070847,0.875,0.33280548924392167,8.66211596975141,3.2898665436508168,password,us-east,"['/resource/51', '/resource/10', '/resource/3', '/resource/31', '/resource/50', '/resource/57', '/resource/24', '/resource/39']",80,usr_00382,user
8.868764044943822,3.341986623465123,0.24377131459472384,0.0953559730104684,915.8627003041927,2673.067611388979,1073.0683731257573,5517.828947495324,0.0,1e-06,0.07554002513165863,0.9607392314078175,0.011235955056179775,0.10599978800063597,3.662921348314607,0.6019630807298715,1.0,1e-06,467.10566809250935,579.4442265149675,0.9550561797752809,0.20835461246451933,8.733839368434323,3.560141179048985,password,eu-west,"['/resource/42', '/resource/10', '/resource/45']",89,usr_00383,user
26.879727626459143,9.339537361596015,0.11041167286064563,0.04283314901653942,475.66306838566976,2337.9962185697655,540.7278364399131,3437.6398126772956,0.0,1e-06,0.08704337331156936,1.0078215741593022,0.007782101167315175,0.0880437523884026,6.136186770428016,1.068427332569017,1.0,1e-06,160.6350683714008,254.15650810866867,0.9649805447470817,0.1841876686324701,13.861038750429469,3.3766603163550326,token,sa-east,"['/resource/17', '/resource/47', '/resource/45', '/resource/25', '/resource/2', '/resource/32', '/resource/9']",257,usr_00384,user
6.856875,2.2007182609035496,0.14829094960210143,0.060934501881001496,514.1104682353163,2331.698929801922,3097.4829920704888,26056.56888408216,0.0,1e-06,0.14077051319786274,0.8856224797112582,0.041666666666666664,0.20034873609745193,5.598958333333333,1.3066879750818041,1.0,1e-06,194.77716174340276,304.9982373844497,0.96875,0.174447519824086,9.948742805313652,3.20847575651248,password,us-west,"['/resource/56', '/resource/54', '/resource/18', '/resource/47', '/resource/30']",192,usr_00385,user
15.92952380952381,6.779393391882842,0.08858364530824633,0.11588485926216174,927.7729574151225,2950.9061878855496,31.638789041050597,104.33844121211798,0.0,1e-06,0.11159582566069566,0.8843013111047193,0.0,1e-06,6.238095238095238,2.527939119218695,1.0,1e-06,1727.7374962269841,1540.7519397526696,0.6190476190476191,0.49761335152811925,10.856865875703033,2.8623531862788356,password,eu-west,"['/resource/52', '/resource/59', '/resource/12', '/resource/41', '/resource/50', '/resource/40']",21,usr_00386,user
8.597333333333333,2.4142307025339296,0.10264496788531051,0.09320403359497823,1593.5494993896468,4256.527049318873,106.17676474866144,280.8547624905958,0.0,1e-06,0.4894009838135433,0.7915586138822409,0.03333333333333333,0.18257418583505533,6.066666666666666,1.98152385340404,1.0,1e-06,830.8955257416668,1208.2103317737765,0.8333333333333334,0.3790490217894517,12.377861513162275,3.263960777222546,token,ap-south,"['/resource/10', '/resource/40', '/resource/21', '/resource/50', '/resource/36']",30,usr_00387,user
32.62736842105263,10.620757056402702,0.15264563851294904,0.10697045951426666,540.3298598125942,2467.901330387917,53.74276352287313,311.2158262279398,0.0,1e-06,0.17642813381299496,1.1252422665990451,0.0,1e-06,4.7368421052631575,1.0778006009176029,1.0,1e-06,716.0321818166666,846.0989107910079,0.8596491228070176,0.35043832202523123,13.69401511602252,3.412304498542438,token,us-east,"['/resource/59', '/resource/60', '/resource/13', '/resource/3', '/resource/32']",57,usr_00388,user
30.43121693121693,11.299552434204145,0.23226966080833245,0.04928003681014793,520.8015370170782,2233.6493595020984,2921.689576622339,21997.25499723947,0.0,1e-06,0.019902279213985675,0.8880126980843082,0.047619047619047616,0.2135244837651487,3.9100529100529102,0.7126176628149545,1.0,1e-06,199.12077953262784,306.3626116707616,0.9788359788359788,0.14431319212754634,10.158608657549099,3.4770499539506745,biometric,eu-west,"['/resource/39', '/resource/5', '/resource/46']",189,usr_00389,user
38.23493023255814,13.213929703008276,0.24417181217779824,0.0571151178388024,347.83309976291764,1978.7615308017594,275.22639837921383,2280.290587422281,0.0,1e-06,-0.012149399364094104,1.1597110476423513,0.018604651162790697,0.13543942666750555,3.832558139534884,0.492808530539218,1.0,1e-06,194.87382483573646,287.91923315197795,0.9813953488372092,0.13543942666750555,9.032815355271007,3.528107456853727,password,ap-south,"['/resource/53', '/resource/24', '/resource/51']",215,usr_00390,user
12.06198717948718,4.278746035761442,0.17944824875572615,0.0794854478094835,693.0443050211843,2649.4149717914815,774.1960331889295,4601.158774576296,0.0,1e-06,-0.04321354060790659,1.0870671586754055,0.00641025641025641,0.0800640769025436,4.948717948717949,1.1628378623554436,1.0,1e-06,245.67835257029918,347.66158950918503,0.9423076923076923,0.23391160766090935,13.13796692237213,3.494252313792877,token,sa-east,"['/resource/47', '/resource/7', '/resource/15', '/resource/14']",156,usr_00391,user
33.62166666666667,10.422336997553192,0.17652901300435367,0.12334452860350553,252.39897750396412,1854.7461194547666,59.338200826770795,436.04494284115,0.0,1e-06,-0.03402981350387741,1.1333465716000828,0.037037037037037035,0.19062587709298623,4.648148148148148,0.9547776073645674,1.0,1e-06,729.3060232262345,752.8661860235338,0.8888888888888888,0.3172206342872577,14.23047018734632,3.612598865314187,password,ap-southeast,"['/resource/48', '/resource/23', '/resource/41', '/resource/37']",54,usr_00392,user
42.12830769230769,14.698547395196783,0.1919731639771972,0.19496490616636103,0.0,1e-06,0.0,1e-06,0.0,1e-06,-0.01744382859824129,1.0992696514880491,0.015384615384615385,0.12403473458920845,4.769230769230769,1.221797226031579,1.0,1e-06,643.9677451292309,833.894976299255,0.9076923076923077,0.29171245061901935,13.626864589078671,2.9753061773131675,biometric,us-west,"['/resource/33', '/resource/43', '/resource/35', '/resource/39', '/resource/22']",65,usr_00393,user
18.76625,6.184684919949853,0.10341743303305798,0.039887408237134055,389.151858023009,1949.5510568799057,632.105930505204,4211.683028607983,0.0,1e-06,0.029300026871132007,1.2524795331173602,0.0078125,0.08838834764831845,5.984375,1.1500385135625526,1.0,1e-06,329.8297486481771,431.1194923355432,0.9296875,0.2566775528590926,13.104146563320251,3.3872792292168983,password,eu-west,"['/resource/35', '/resource/37', '/resource/39', '/resource/21', '/resource/14', '/resource/25', '/resource/53']",128,usr_00394,user
16.490306122448978,5.552245473880831,0.2259923095297246,0.07194475675044382,239.73665413860158,1062.4666601507272,907.0925044514795,8232.687722741384,0.0,1e-06,0.11236482500592022,1.090401550612684,0.01020408163265306,0.10101525445522107,4.244897959183674,1.1846198615102026,1.0,1e-06,382.9139645306122,495.81679720188816,0.9591836734693877,0.19888178879993873,9.59499353631359,3.530211514385661,password,us-east,"['/resource/57', '/resource/34', '/resource/20']",98,usr_00395,user
14.066867469879517,5.041051943963062,0.0987590104906793,0.05954930600797634,1136.385156636949,3158.9695091127896,1164.2146359792753,4862.1507185041855,0.0,1e-06,0.1139177020971376,1.0275027702926465,0.024096385542168676,0.15428067663158054,6.602409638554217,1.4308428271489242,1.0,1e-06,489.8204301648594,580.7169238451568,0.8554216867469879,0.3538130318051738,10.032208793181624,2.951785999121094,certificate,us-east,"['/resource/24', '/resource/23', '/resource/7', '/resource/17', '/resource/9', '/resource/30', '/resource/3']",83,usr_00396,user
30.64802631578948,9.418545679631132,0.08957264130190859,0.05422464551778036,639.288753194628,2948.756475994574,260.6775838420413,1484.366280980845,0.0,1e-06,0.06930837107336603,1.244177141129137,0.05263157894736842,0.22478059477960657,6.578947368421052,1.3192235887797727,1.0,1e-06,536.2084447699561,528.0443498325736,0.868421052631579,0.34027852368936023,8.921308712764372,3.6033027060130034,password,ap-southeast,"['/resource/21', '/resource/5', '/resource/32', '/resource/12', '/resource/45', '/resource/31', '/resource/60', '/resource/52']",76,usr_00397,user
38.84334821428571,13.773121609632247,0.2001629611172424,0.07263541306273484,455.3912269647423,2270.9597196699765,956.989751551497,10048.90867375309,0.0,1e-06,0.01068284835953858,0.9861344188215583,0.022321428571428572,0.14805757056778399,4.263392857142857,0.6876874271335344,1.0,1e-06,188.2316951014881,275.4021718886672,0.9776785714285714,0.14805757056778399,9.230614623848739,3.5587793711550275,password,ap-south,"['/resource/28', '/resource/57', '/resource/23', '/resource/53']",224,usr_00398,user
5.9216875,1.674908510361614,0.10180731624783104,0.05594031974273939,572.5126510008693,2635.509242605335,532.3178580741012,4614.26847714181,0.0,1e-06,-0.03787859893310423,0.9442604857003778,0.0375,0.190580048055879,6.4875,1.1546324526137879,1.0,1e-06,263.82896069322913,338.8203401313148,0.9375,0.24282146558931605,10.161603417656961,3.487877713757547,token,us-east,"['/resource/35', '/resource/33', '/resource/10', '/resource/37', '/resource/21', '/resource/45', '/resource/15', '/resource/34']",160,usr_00399,user
